Gemeente,Jaar,Naam bibliotheek locaties,Type,Straat bibliotheek locaties,Huisnummer bibliotheek locaties,Postcode bibltiotheek locaties
Aalst,2017,Filiaal Erembodegem,Bedieningspunt,Gaston De schepperstraat,11,9320
Aalst,2017,Filiaal Herdersem,Bedieningspunt,Kouterbaan,11,9310
Aalst,2017,Filiaal Nieuwerkerken,Bedieningspunt,Schoolstraat,2,9320
Aalst,2017,Filiaal Terlinden,Bedieningspunt,Square Jacques Geerinckx,2,9300
Aalst,2017,Utopia - Hoofdbibliotheek AALST,Hoofdbibliotheek,Utopia,1,9300
Aalst,2016,Filiaal Erembodegem,Bedieningspunt,Gaston De schepperstraat,11,9320
Aalst,2016,Filiaal Herdersem,Bedieningspunt,Kouterbaan,11,9310
Aalst,2016,Filiaal Nieuwerkerken,Bedieningspunt,Schoolstraat,2,9320
Aalst,2016,Filiaal Terlinden,Bedieningspunt,Square Jacques Geerinckx,2,9300
Aalst,2016,Utopia - Hoofdbibliotheek AALST,Hoofdbibliotheek,Utopia,1,9300
Aalst,2015,Filiaal Erembodegem,Bedieningspunt,Gaston De schepperstraat,11,9320
Aalst,2015,Filiaal Herdersem,Bedieningspunt,Kouterbaan,11,9310
Aalst,2015,Filiaal Nieuwerkerken,Bedieningspunt,Schoolstraat,2,9320
Aalst,2015,Filiaal Terlinden,Bedieningspunt,Square Jacques Geerinckx,2,9300
Aalst,2015,Utopia - Hoofdbibliotheek AALST,Hoofdbibliotheek,Utopia,1,9300
Aalst,2014,Filiaal Erembodegem,Bedieningspunt,Gaston De schepperstraat,11,9320
Aalst,2014,Filiaal Herdersem,Bedieningspunt,Kouterbaan,11,9310
Aalst,2014,Filiaal Nieuwerkerken,Bedieningspunt,Schoolstraat,2,9320
Aalst,2014,Filiaal Terlinden,Bedieningspunt,Square Jacques Geerinckx,2,9300
Aalst,2014,Utopia - Hoofdbibliotheek AALST,Hoofdbibliotheek,Utopia,1,9300
Aalst,2013,Filiaal Erembodegem,Bedieningspunt,Gaston De schepperstraat,11,9320
Aalst,2013,Filiaal Herdersem,Bedieningspunt,Kouterbaan,11,9310
Aalst,2013,Filiaal Nieuwerkerken,Bedieningspunt,Schoolstraat,2,9320
Aalst,2013,Filiaal Terlinden,Bedieningspunt,Square Jacques Geerinckx,2,9300
Aalst,2013,Utopia - Hoofdbibliotheek AALST,Hoofdbibliotheek,Utopia,1,9300
Aalst,2012,Filiaal Erembodegem,Bedieningspunt,Gaston De schepperstraat,11,9320
Aalst,2012,Filiaal Herdersem,Bedieningspunt,Kouterbaan,11,9310
Aalst,2012,Filiaal Nieuwerkerken,Bedieningspunt,Schoolstraat,2,9320
Aalst,2012,Filiaal Terlinden,Bedieningspunt,Square Jacques Geerinckx,2,9300
Aalst,2012,Utopia - Hoofdbibliotheek AALST,Hoofdbibliotheek,Utopia,1,9300
Aalst,2011,Bibliotheekpunt De Arend,Bedieningspunt,Binnenstraat,308,9300
Aalst,2011,Filiaal Erembodegem,Bedieningspunt,Gaston De schepperstraat,11,9320
Aalst,2011,Filiaal Herdersem,Bedieningspunt,Kouterbaan,11,9310
Aalst,2011,Filiaal Nieuwerkerken,Bedieningspunt,Schoolstraat,2,9320
Aalst,2011,Filiaal Terlinden,Bedieningspunt,Square Jacques Geerinckx,2,9300
Aalst,2011,Utopia - Hoofdbibliotheek AALST,Hoofdbibliotheek,Utopia,1,9300
Aalst,2010,Filiaal Erembodegem,Bedieningspunt,Gaston De schepperstraat,11,9320
Aalst,2010,Filiaal Terlinden,Bedieningspunt,Square Jacques Geerinckx,2,9300
Aalst,2010,Uitleenpost De Arend,Bedieningspunt,Binnenstraat,308,9300
Aalst,2010,Uitleenpost Gijzegem,Bedieningspunt,Gijzegem-Dorp,16,9308
Aalst,2010,Uitleenpost Herdersem,Bedieningspunt,Kouterbaan,11,9310
Aalst,2010,Uitleenpost Meldert,Bedieningspunt,Meldert-Dorp,17,9310
Aalst,2010,Uitleenpost Nieuwerkerken,Bedieningspunt,Schoolstraat,2,9320
Aalst,2010,Utopia - Hoofdbibliotheek AALST,Hoofdbibliotheek,Utopia,1,9300
Aalst,2009,Filiaal Erembodegem,Bedieningspunt,Gaston De schepperstraat,11,9320
Aalst,2009,Filiaal Terlinden,Bedieningspunt,Square Jacques Geerinckx,2,9300
Aalst,2009,Uitleenpost De Arend,Bedieningspunt,Binnenstraat,308,9300
Aalst,2009,Uitleenpost Gijzegem,Bedieningspunt,Gijzegem-Dorp,16,9308
Aalst,2009,Uitleenpost Herdersem,Bedieningspunt,Kouterbaan,11,9310
Aalst,2009,Uitleenpost Meldert,Bedieningspunt,Meldert-Dorp,17,9310
Aalst,2009,Uitleenpost Nieuwerkerken,Bedieningspunt,Schoolstraat,2,9320
Aalst,2009,Utopia - Hoofdbibliotheek AALST,Hoofdbibliotheek,Utopia,1,9300
Aalst,2008,Filiaal Erembodegem,Bedieningspunt,Gaston De schepperstraat,11,9320
Aalst,2008,Filiaal Terlinden,Bedieningspunt,Square Jacques Geerinckx,2,9300
Aalst,2008,Uitleenpost De Arend,Bedieningspunt,Binnenstraat,308,9300
Aalst,2008,Uitleenpost Gijzegem,Bedieningspunt,Gijzegem-Dorp,16,9308
Aalst,2008,Uitleenpost Herdersem,Bedieningspunt,Kouterbaan,11,9310
Aalst,2008,Uitleenpost Meldert,Bedieningspunt,Meldert-Dorp,17,9310
Aalst,2008,Uitleenpost Nieuwerkerken,Bedieningspunt,Schoolstraat,2,9320
Aalst,2008,Utopia - Hoofdbibliotheek AALST,Hoofdbibliotheek,Utopia,1,9300
Aalst,2007,Filiaal Erembodegem,Bedieningspunt,Gaston De schepperstraat,11,9320
Aalst,2007,Filiaal Terlinden,Bedieningspunt,Square Jacques Geerinckx,2,9300
Aalst,2007,Uitleenpost De Arend,Bedieningspunt,Binnenstraat,308,9300
Aalst,2007,Uitleenpost Gijzegem,Bedieningspunt,Gijzegem-Dorp,16,9308
Aalst,2007,Uitleenpost Herdersem,Bedieningspunt,Kouterbaan,11,9310
Aalst,2007,Uitleenpost Meldert,Bedieningspunt,Meldert-Dorp,17,9310
Aalst,2007,Uitleenpost Nieuwerkerken,Bedieningspunt,Schoolstraat,2,9320
Aalst,2007,Utopia - Hoofdbibliotheek AALST,Hoofdbibliotheek,Utopia,1,9300
Aalst,2006,Filiaal Erembodegem,Bedieningspunt,Gaston De schepperstraat,11,9320
Aalst,2006,Filiaal Terlinden,Bedieningspunt,Square Jacques Geerinckx,2,9300
Aalst,2006,Uitleenpost De Arend,Bedieningspunt,Binnenstraat,308,9300
Aalst,2006,Uitleenpost Gijzegem,Bedieningspunt,Gijzegem-Dorp,16,9308
Aalst,2006,Uitleenpost Herdersem,Bedieningspunt,Kouterbaan,11,9310
Aalst,2006,Uitleenpost Meldert,Bedieningspunt,Meldert-Dorp,17,9310
Aalst,2006,Uitleenpost Nieuwerkerken,Bedieningspunt,Schoolstraat,2,9320
Aalst,2006,Utopia - Hoofdbibliotheek AALST,Hoofdbibliotheek,Utopia,1,9300
Aalter,2017,Bibliotheekuitleenpost Bellem,Bedieningspunt,Bellemdorpweg,5,9880
Aalter,2017,Bibliotheekuitleenpost Lotenhulle,Bedieningspunt,Lodorp,68,9880
Aalter,2017,Bibliotheekuitleenpost Ruiselede Het Portaal,Bedieningspunt,Nieuwstraat,8,8755
Aalter,2017,Bibliotheekuitleenpost Sint-Maria-Aalter,Bedieningspunt,Oude Kantschoolstraat,7,9880
Aalter,2017,Gevangenisbibliotheek,Bedieningspunt,Bruggesteenweg,128,8755
Aalter,2017,Hoofdbibliotheek AALTER,Hoofdbibliotheek,Boomgaardstraat,10,9880
Aalter,2016,'t Boekengoed,Hoofdbibliotheek,Veldstraat,53,9910
Aalter,2016,Uitleenpost Ursel,Bedieningspunt,Eekloseweg,6 A,9910
Aalter,2015,'t Boekengoed,Hoofdbibliotheek,Veldstraat,53,9910
Aalter,2015,Bibliotheekuitleenpost Bellem,Bedieningspunt,Bellemdorpweg,5,9880
Aalter,2015,Bibliotheekuitleenpost Lotenhulle,Bedieningspunt,Lodorp,68,9880
Aalter,2015,Bibliotheekuitleenpost Ruiselede Het Portaal,Bedieningspunt,Nieuwstraat,8,8755
Aalter,2015,Bibliotheekuitleenpost Sint-Maria-Aalter,Bedieningspunt,Oude Kantschoolstraat,7,9880
Aalter,2015,Gevangenisbibliotheek,Bedieningspunt,Bruggesteenweg,128,8755
Aalter,2015,Hoofdbibliotheek AALTER,Hoofdbibliotheek,Boomgaardstraat,10,9880
Aalter,2015,Uitleenpost Ursel,Bedieningspunt,Eekloseweg,6 A,9910
Aalter,2014,'t Boekengoed,Hoofdbibliotheek,Veldstraat,53,9910
Aalter,2014,Bibliotheekuitleenpost Bellem,Bedieningspunt,Bellemdorpweg,5,9880
Aalter,2014,Bibliotheekuitleenpost Lotenhulle,Bedieningspunt,Lodorp,68,9880
Aalter,2014,Bibliotheekuitleenpost Ruiselede Het Portaal,Bedieningspunt,Nieuwstraat,8,8755
Aalter,2014,Bibliotheekuitleenpost Sint-Maria-Aalter,Bedieningspunt,Oude Kantschoolstraat,7,9880
Aalter,2014,Gevangenisbibliotheek,Bedieningspunt,Bruggesteenweg,128,8755
Aalter,2014,Hoofdbibliotheek AALTER,Hoofdbibliotheek,Boomgaardstraat,10,9880
Aalter,2014,Uitleenpost Ursel,Bedieningspunt,Eekloseweg,6 A,9910
Aalter,2013,'t Boekengoed,Hoofdbibliotheek,Veldstraat,53,9910
Aalter,2013,Bibliotheekuitleenpost Bellem,Bedieningspunt,Bellemdorpweg,5,9880
Aalter,2013,Bibliotheekuitleenpost Lotenhulle,Bedieningspunt,Lodorp,68,9880
Aalter,2013,Bibliotheekuitleenpost Ruiselede Het Portaal,Bedieningspunt,Nieuwstraat,8,8755
Aalter,2013,Bibliotheekuitleenpost Sint-Maria-Aalter,Bedieningspunt,Oude Kantschoolstraat,7,9880
Aalter,2013,Gevangenisbibliotheek,Bedieningspunt,Bruggesteenweg,128,8755
Aalter,2013,Hoofdbibliotheek AALTER,Hoofdbibliotheek,Boomgaardstraat,10,9880
Aalter,2013,Uitleenpost Ursel,Bedieningspunt,Eekloseweg,6 A,9910
Aalter,2012,'t Boekengoed,Hoofdbibliotheek,Veldstraat,53,9910
Aalter,2012,Bibliotheekuitleenpost Bellem,Bedieningspunt,Bellemdorpweg,5,9880
Aalter,2012,Bibliotheekuitleenpost Lotenhulle,Bedieningspunt,Lodorp,68,9880
Aalter,2012,Bibliotheekuitleenpost Ruiselede Het Portaal,Bedieningspunt,Nieuwstraat,8,8755
Aalter,2012,Bibliotheekuitleenpost Sint-Maria-Aalter,Bedieningspunt,Oude Kantschoolstraat,7,9880
Aalter,2012,Hoofdbibliotheek AALTER,Hoofdbibliotheek,Boomgaardstraat,10,9880
Aalter,2012,Uitleenpost Ursel,Bedieningspunt,Eekloseweg,6 A,9910
Aalter,2011,'t Boekengoed,Hoofdbibliotheek,Veldstraat,53,9910
Aalter,2011,Bibliotheekuitleenpost Bellem,Bedieningspunt,Bellemdorpweg,5,9880
Aalter,2011,Bibliotheekuitleenpost Lotenhulle,Bedieningspunt,Lodorp,68,9880
Aalter,2011,Bibliotheekuitleenpost Ruiselede Het Portaal,Bedieningspunt,Nieuwstraat,8,8755
Aalter,2011,Bibliotheekuitleenpost Sint-Maria-Aalter,Bedieningspunt,Oude Kantschoolstraat,7,9880
Aalter,2011,Hoofdbibliotheek AALTER,Hoofdbibliotheek,Boomgaardstraat,10,9880
Aalter,2011,Uitleenpost Ursel,Bedieningspunt,Eekloseweg,6 A,9910
Aalter,2010,'t Boekengoed,Hoofdbibliotheek,Veldstraat,53,9910
Aalter,2010,Bibliotheekuitleenpost Bellem,Bedieningspunt,Bellemdorpweg,5,9880
Aalter,2010,Bibliotheekuitleenpost Lotenhulle,Bedieningspunt,Lodorp,68,9880
Aalter,2010,Bibliotheekuitleenpost Ruiselede Het Portaal,Bedieningspunt,Nieuwstraat,8,8755
Aalter,2010,Bibliotheekuitleenpost Sint-Maria-Aalter,Bedieningspunt,Oude Kantschoolstraat,7,9880
Aalter,2010,Hoofdbibliotheek AALTER,Hoofdbibliotheek,Boomgaardstraat,10,9880
Aalter,2010,Uitleenpost Ursel,Bedieningspunt,Eekloseweg,6 A,9910
Aalter,2009,'t Boekengoed,Hoofdbibliotheek,Veldstraat,53,9910
Aalter,2009,Bibliotheekuitleenpost Bellem,Bedieningspunt,Bellemdorpweg,5,9880
Aalter,2009,Bibliotheekuitleenpost Lotenhulle,Bedieningspunt,Lodorp,68,9880
Aalter,2009,Bibliotheekuitleenpost Ruiselede Het Portaal,Bedieningspunt,Nieuwstraat,8,8755
Aalter,2009,Bibliotheekuitleenpost Sint-Maria-Aalter,Bedieningspunt,Oude Kantschoolstraat,7,9880
Aalter,2009,Hoofdbibliotheek AALTER,Hoofdbibliotheek,Boomgaardstraat,10,9880
Aalter,2009,Uitleenpost Ursel,Bedieningspunt,Eekloseweg,6 A,9910
Aalter,2008,'t Boekengoed,Hoofdbibliotheek,Veldstraat,53,9910
Aalter,2008,Bibliotheekuitleenpost Bellem,Bedieningspunt,Bellemdorpweg,5,9880
Aalter,2008,Bibliotheekuitleenpost Lotenhulle,Bedieningspunt,Lodorp,68,9880
Aalter,2008,Bibliotheekuitleenpost Ruiselede Het Portaal,Bedieningspunt,Nieuwstraat,8,8755
Aalter,2008,Bibliotheekuitleenpost Sint-Maria-Aalter,Bedieningspunt,Oude Kantschoolstraat,7,9880
Aalter,2008,Hoofdbibliotheek AALTER,Hoofdbibliotheek,Boomgaardstraat,10,9880
Aalter,2008,Uitleenpost Ursel,Bedieningspunt,Eekloseweg,6 A,9910
Aalter,2007,'t Boekengoed,Hoofdbibliotheek,Veldstraat,53,9910
Aalter,2007,Bibliotheekuitleenpost Bellem,Bedieningspunt,Bellemdorpweg,5,9880
Aalter,2007,Bibliotheekuitleenpost Lotenhulle,Bedieningspunt,Lodorp,68,9880
Aalter,2007,Bibliotheekuitleenpost Ruiselede Het Portaal,Bedieningspunt,Nieuwstraat,8,8755
Aalter,2007,Bibliotheekuitleenpost Sint-Maria-Aalter,Bedieningspunt,Oude Kantschoolstraat,7,9880
Aalter,2007,Hoofdbibliotheek AALTER,Hoofdbibliotheek,Boomgaardstraat,10,9880
Aalter,2007,Uitleenpost Ursel,Bedieningspunt,Eekloseweg,6 A,9910
Aalter,2006,'t Boekengoed,Hoofdbibliotheek,Veldstraat,53,9910
Aalter,2006,Bibliotheekuitleenpost Bellem,Bedieningspunt,Bellemdorpweg,5,9880
Aalter,2006,Bibliotheekuitleenpost Lotenhulle,Bedieningspunt,Lodorp,68,9880
Aalter,2006,Bibliotheekuitleenpost Poeke,Bedieningspunt,Poekedorpstraat,39,9880
Aalter,2006,Bibliotheekuitleenpost Ruiselede Het Portaal,Bedieningspunt,Nieuwstraat,8,8755
Aalter,2006,Bibliotheekuitleenpost Sint-Maria-Aalter,Bedieningspunt,Oude Kantschoolstraat,7,9880
Aalter,2006,Hoofdbibliotheek AALTER,Hoofdbibliotheek,Boomgaardstraat,10,9880
Aalter,2006,Uitleenpost Ursel,Bedieningspunt,Eekloseweg,6 A,9910
Aarschot,2019,Filiaal Rillaar,Bedieningspunt,Tieltseweg,1,3202
Aarschot,2019,Hoofdbibliotheek AARSCHOT,Hoofdbibliotheek,Elisabethlaan,103A,3200
Aarschot,2019,Uitleenpost Wolfsdonk,Bedieningspunt,Weybroekstraat,1,3201
Aarschot,2018,Filiaal Rillaar,Bedieningspunt,Tieltseweg,1,3202
Aarschot,2018,Hoofdbibliotheek AARSCHOT,Hoofdbibliotheek,Elisabethlaan,103A,3200
Aarschot,2018,Uitleenpost Wolfsdonk,Bedieningspunt,Weybroekstraat,1,3201
Aarschot,2017,Filiaal Rillaar,Bedieningspunt,Tieltseweg,1,3202
Aarschot,2017,Hoofdbibliotheek AARSCHOT,Hoofdbibliotheek,Elisabethlaan,103A,3200
Aarschot,2017,Uitleenpost Wolfsdonk,Bedieningspunt,Weybroekstraat,1,3201
Aarschot,2016,Filiaal Rillaar,Bedieningspunt,Tieltseweg,1,3202
Aarschot,2016,Hoofdbibliotheek AARSCHOT,Hoofdbibliotheek,Elisabethlaan,103A,3200
Aarschot,2016,Uitleenpost Wolfsdonk,Bedieningspunt,Weybroekstraat,1,3201
Aarschot,2015,Filiaal Rillaar,Bedieningspunt,Tieltseweg,1,3202
Aarschot,2015,Hoofdbibliotheek AARSCHOT,Hoofdbibliotheek,Elisabethlaan,103A,3200
Aarschot,2015,Uitleenpost Wolfsdonk,Bedieningspunt,Weybroekstraat,1,3201
Aarschot,2014,Filiaal Rillaar,Bedieningspunt,Tieltseweg,1,3202
Aarschot,2014,Hoofdbibliotheek AARSCHOT,Hoofdbibliotheek,Elisabethlaan,103A,3200
Aarschot,2014,Uitleenpost Wolfsdonk,Bedieningspunt,Weybroekstraat,1,3201
Aarschot,2013,Filiaal Rillaar,Bedieningspunt,Tieltseweg,1,3202
Aarschot,2013,Hoofdbibliotheek AARSCHOT,Hoofdbibliotheek,Elisabethlaan,103A,3200
Aarschot,2013,Uitleenpost Wolfsdonk,Bedieningspunt,Weybroekstraat,1,3201
Aarschot,2012,Filiaal Rillaar,Bedieningspunt,Tieltseweg,1,3202
Aarschot,2012,Hoofdbibliotheek AARSCHOT,Hoofdbibliotheek,Elisabethlaan,103A,3200
Aarschot,2012,Schooluitleenpost Ourodenberg,Bedieningspunt,Kerkstraat,23,3200
Aarschot,2012,Uitleenpost Wolfsdonk,Bedieningspunt,Weybroekstraat,1,3201
Aarschot,2011,Filiaal Rillaar,Bedieningspunt,Tieltseweg,1,3202
Aarschot,2011,Hoofdbibliotheek AARSCHOT,Hoofdbibliotheek,Elisabethlaan,103A,3200
Aarschot,2011,Schooluitleenpost Ourodenberg,Bedieningspunt,Kerkstraat,23,3200
Aarschot,2011,Uitleenpost Wolfsdonk,Bedieningspunt,Weybroekstraat,1,3201
Aarschot,2010,Filiaal Rillaar,Bedieningspunt,Tieltseweg,1,3202
Aarschot,2010,Hoofdbibliotheek AARSCHOT,Hoofdbibliotheek,Elisabethlaan,103A,3200
Aarschot,2010,Schooluitleenpost Ourodenberg,Bedieningspunt,Kerkstraat,23,3200
Aarschot,2010,Uitleenpost Wolfsdonk,Bedieningspunt,Weybroekstraat,1,3201
Aarschot,2009,Filiaal Rillaar,Bedieningspunt,Tieltseweg,1,3202
Aarschot,2009,Hoofdbibliotheek AARSCHOT,Hoofdbibliotheek,Elisabethlaan,103A,3200
Aarschot,2009,Schooluitleenpost Ourodenberg,Bedieningspunt,Kerkstraat,23,3200
Aarschot,2009,Uitleenpost Wolfsdonk,Bedieningspunt,Weybroekstraat,1,3201
Aarschot,2008,Filiaal Rillaar,Bedieningspunt,Tieltseweg,1,3202
Aarschot,2008,Hoofdbibliotheek AARSCHOT,Hoofdbibliotheek,Elisabethlaan,103A,3200
Aarschot,2008,Uitleenpost Gelrode,Bedieningspunt,Pastoor Dergentstraat,48,3200
Aarschot,2008,Uitleenpost Langdorp-Centrum,Bedieningspunt,Testeltsesteenweg,31,3201
Aarschot,2008,Uitleenpost Ourodenberg,Bedieningspunt,Kerkstraat,10,3200
Aarschot,2008,Uitleenpost Wolfsdonk,Bedieningspunt,Weybroekstraat,1,3201
Aarschot,2007,Filiaal Rillaar,Bedieningspunt,Tieltseweg,1,3202
Aarschot,2007,Hoofdbibliotheek AARSCHOT,Hoofdbibliotheek,Elisabethlaan,103A,3200
Aarschot,2007,Uitleenpost Gelrode,Bedieningspunt,Pastoor Dergentstraat,48,3200
Aarschot,2007,Uitleenpost Langdorp-Centrum,Bedieningspunt,Testeltsesteenweg,31,3201
Aarschot,2007,Uitleenpost Ourodenberg,Bedieningspunt,Kerkstraat,10,3200
Aarschot,2007,Uitleenpost Wolfsdonk,Bedieningspunt,Weybroekstraat,1,3201
Aarschot,2006,Filiaal Rillaar,Bedieningspunt,Tieltseweg,1,3202
Aarschot,2006,Hoofdbibliotheek AARSCHOT,Hoofdbibliotheek,Elisabethlaan,103A,3200
Aarschot,2006,Uitleenpost Gelrode,Bedieningspunt,Pastoor Dergentstraat,48,3200
Aarschot,2006,Uitleenpost Langdorp-Centrum,Bedieningspunt,Testeltsesteenweg,31,3201
Aarschot,2006,Uitleenpost Ourodenberg,Bedieningspunt,Kerkstraat,10,3200
Aarschot,2006,Uitleenpost Wolfsdonk,Bedieningspunt,Weybroekstraat,1,3201
Aartselaar,2015,Hoofdbibliotheek AARTSELAAR,Hoofdbibliotheek,Della Faillelaan,32,2630
Aartselaar,2014,Hoofdbibliotheek AARTSELAAR,Hoofdbibliotheek,Della Faillelaan,32,2630
Aartselaar,2013,Hoofdbibliotheek AARTSELAAR,Hoofdbibliotheek,Della Faillelaan,32,2630
Aartselaar,2012,Hoofdbibliotheek AARTSELAAR,Hoofdbibliotheek,Della Faillelaan,32,2630
Aartselaar,2011,Hoofdbibliotheek AARTSELAAR,Hoofdbibliotheek,Della Faillelaan,32,2630
Aartselaar,2010,Hoofdbibliotheek AARTSELAAR,Hoofdbibliotheek,Della Faillelaan,32,2630
Aartselaar,2009,Hoofdbibliotheek AARTSELAAR,Hoofdbibliotheek,Della Faillelaan,32,2630
Aartselaar,2008,Hoofdbibliotheek AARTSELAAR,Hoofdbibliotheek,Della Faillelaan,32,2630
Aartselaar,2007,Hoofdbibliotheek AARTSELAAR,Hoofdbibliotheek,Della Faillelaan,32,2630
Aartselaar,2006,Hoofdbibliotheek AARTSELAAR,Hoofdbibliotheek,Della Faillelaan,32,2630
Affligem,2015,Bibliotheek AFFLIGEM,Hoofdbibliotheek,Bellestraat,99,1790
Affligem,2014,Bibliotheek AFFLIGEM,Hoofdbibliotheek,Bellestraat,99,1790
Affligem,2013,Bibliotheek AFFLIGEM,Hoofdbibliotheek,Bellestraat,99,1790
Affligem,2012,Bibliotheek AFFLIGEM,Hoofdbibliotheek,Bellestraat,99,1790
Affligem,2011,Bibliotheek AFFLIGEM,Hoofdbibliotheek,Bellestraat,99,1790
Affligem,2010,Bibliotheek AFFLIGEM,Hoofdbibliotheek,Bellestraat,99,1790
Affligem,2009,Bibliotheek AFFLIGEM,Hoofdbibliotheek,Bellestraat,99,1790
Affligem,2008,Bibliotheek AFFLIGEM,Hoofdbibliotheek,Bellestraat,99,1790
Affligem,2007,Bibliotheek AFFLIGEM,Hoofdbibliotheek,Bellestraat,99,1790
Affligem,2006,Bibliotheek AFFLIGEM,Hoofdbibliotheek,Bellestraat,99,1790
Alken,2018,Hoofdbibliotheek ALKEN,Hoofdbibliotheek,Papenakkerstraat,5,3570
Alken,2017,Hoofdbibliotheek ALKEN,Hoofdbibliotheek,Papenakkerstraat,5,3570
Alken,2016,Hoofdbibliotheek ALKEN,Hoofdbibliotheek,Papenakkerstraat,5,3570
Alken,2015,Hoofdbibliotheek ALKEN,Hoofdbibliotheek,Papenakkerstraat,5,3570
Alken,2014,Hoofdbibliotheek ALKEN,Hoofdbibliotheek,Papenakkerstraat,5,3570
Alken,2013,Hoofdbibliotheek ALKEN,Hoofdbibliotheek,Papenakkerstraat,5,3570
Alken,2012,Hoofdbibliotheek ALKEN,Hoofdbibliotheek,Papenakkerstraat,5,3570
Alken,2011,Hoofdbibliotheek ALKEN,Hoofdbibliotheek,Papenakkerstraat,5,3570
Alken,2010,Hoofdbibliotheek ALKEN,Hoofdbibliotheek,Papenakkerstraat,5,3570
Alken,2009,Hoofdbibliotheek ALKEN,Hoofdbibliotheek,Papenakkerstraat,5,3570
Alken,2008,Hoofdbibliotheek ALKEN,Hoofdbibliotheek,Papenakkerstraat,5,3570
Alken,2008,Uitleenpost Sint-Joris,Bedieningspunt,Hendriksveldstraat,z/n,3570
Alken,2008,Uitleenpost Terkoest,Bedieningspunt,Parkstraat,z/n,3570
Alken,2007,Hoofdbibliotheek ALKEN,Hoofdbibliotheek,Papenakkerstraat,5,3570
Alken,2007,Uitleenpost Sint-Joris,Bedieningspunt,Hendriksveldstraat,z/n,3570
Alken,2007,Uitleenpost Terkoest,Bedieningspunt,Parkstraat,z/n,3570
Alken,2006,Hoofdbibliotheek ALKEN,Hoofdbibliotheek,Papenakkerstraat,5,3570
Alken,2006,Uitleenpost Sint-Joris,Bedieningspunt,Hendriksveldstraat,z/n,3570
Alken,2006,Uitleenpost Terkoest,Bedieningspunt,Parkstraat,z/n,3570
Alveringem,2015,Hoofdbibliotheek ALVERINGEM,Hoofdbibliotheek,Dorp,1,8690
Alveringem,2014,Hoofdbibliotheek ALVERINGEM,Hoofdbibliotheek,Dorp,1,8690
Alveringem,2013,Hoofdbibliotheek ALVERINGEM,Hoofdbibliotheek,Dorp,1,8690
Alveringem,2012,Hoofdbibliotheek ALVERINGEM,Hoofdbibliotheek,Dorp,1,8690
Alveringem,2011,Hoofdbibliotheek ALVERINGEM,Hoofdbibliotheek,Dorp,1,8690
Alveringem,2010,Hoofdbibliotheek ALVERINGEM,Hoofdbibliotheek,Dorp,1,8690
Alveringem,2009,Hoofdbibliotheek ALVERINGEM,Hoofdbibliotheek,Dorp,1,8690
Alveringem,2008,Hoofdbibliotheek ALVERINGEM,Hoofdbibliotheek,Dorp,1,8690
Alveringem,2007,Hoofdbibliotheek ALVERINGEM,Hoofdbibliotheek,Dorp,1,8690
Alveringem,2006,Hoofdbibliotheek ALVERINGEM,Hoofdbibliotheek,Dorp,1,8690
Anderlecht,2019,Hoofdbibliotheek ANDERLECHT,Hoofdbibliotheek,Guillaume Stassartlaan,2,1070
Anderlecht,2018,Hoofdbibliotheek ANDERLECHT,Hoofdbibliotheek,Guillaume Stassartlaan,2,1070
Anderlecht,2017,Hoofdbibliotheek ANDERLECHT,Hoofdbibliotheek,Guillaume Stassartlaan,2,1070
Anderlecht,2016,Hoofdbibliotheek ANDERLECHT,Hoofdbibliotheek,Guillaume Stassartlaan,2,1070
Anderlecht,2015,Hoofdbibliotheek ANDERLECHT,Hoofdbibliotheek,Guillaume Stassartlaan,2,1070
Anderlecht,2014,Hoofdbibliotheek ANDERLECHT,Hoofdbibliotheek,Guillaume Stassartlaan,2,1070
Anderlecht,2013,Hoofdbibliotheek ANDERLECHT,Hoofdbibliotheek,Guillaume Stassartlaan,2,1070
Anderlecht,2012,Hoofdbibliotheek ANDERLECHT,Hoofdbibliotheek,Guillaume Stassartlaan,2,1070
Anderlecht,2011,Hoofdbibliotheek ANDERLECHT,Hoofdbibliotheek,Guillaume Stassartlaan,2,1070
Anderlecht,2010,Hoofdbibliotheek ANDERLECHT,Hoofdbibliotheek,Guillaume Stassartlaan,2,1070
Anderlecht,2009,Hoofdbibliotheek ANDERLECHT,Hoofdbibliotheek,Guillaume Stassartlaan,2,1070
Anderlecht,2008,Hoofdbibliotheek ANDERLECHT,Hoofdbibliotheek,Guillaume Stassartlaan,2,1070
Anderlecht,2007,Hoofdbibliotheek ANDERLECHT,Hoofdbibliotheek,Guillaume Stassartlaan,2,1070
Anderlecht,2006,Hoofdbibliotheek ANDERLECHT,Hoofdbibliotheek,Guillaume Stassartlaan,2,1070
Anderlecht,2006,Uitleenpost Neerpede,Bedieningspunt,Bloeistraat,31,1070
Antwerpen,2015,Antwerpen | Bibliotheek Brederode,Bedieningspunt,Brederodestraat,119,2018
Antwerpen,2015,Antwerpen | Bibliotheek Elsschot,Bedieningspunt,Willem Elsschotstraat,5,2050
Antwerpen,2015,Antwerpen | Bibliotheek Kielpark,Bedieningspunt,Wittestraat,10,2020
Antwerpen,2015,Antwerpen | Bibliotheek Luchtbal (tijdelijke locatie),Bedieningspunt,Montrealstraat,6,2030
Antwerpen,2015,Antwerpen | Bibliotheek Permeke,Hoofdbibliotheek,De Coninckplein,26,2060
Antwerpen,2015,Antwerpen | Bibliotheek Sint-Andries,Bedieningspunt,Sint-Andriesplaats,22,2000
Antwerpen,2015,Berchem | Bibliotheek De Poort,Bedieningspunt,Willem Van Laarstraat,15-17,2600
Antwerpen,2015,Berchem | Kinderbib De Vertellerij,Bedieningspunt,Turkooisstraat,18,2600
Antwerpen,2015,Berendrecht | Bibliotheek Viswater,Bedieningspunt,Tongerlostraat,2,2040
Antwerpen,2015,Borgerhout | Bibliotheek Vrede,Bedieningspunt,Moorkensplein,19,2140
Antwerpen,2015,Deurne | Bibliotheek Arena,Bedieningspunt,Arenaplein,62A,2100
Antwerpen,2015,Deurne | Bibliotheek Couwelaar,Bedieningspunt,Te Couwelaarlei,120,2100
Antwerpen,2015,Ekeren | Bibliotheek Driehoek,Bedieningspunt,Driehoekstraat,43,2180
Antwerpen,2015,Hoboken | Bibliotheek Hoboken,Bedieningspunt,Kapelstraat,64,2660
Antwerpen,2015,Merksem | Bibliotheek Park,Bedieningspunt,Van Heybeeckstraat,28A,2170
Antwerpen,2015,Wilrijk | Bibliotheek Bist,Bedieningspunt,Bist,1,2610
Antwerpen,2014,Antwerpen | Bibliotheek Brederode,Bedieningspunt,Brederodestraat,119,2018
Antwerpen,2014,Antwerpen | Bibliotheek Elsschot,Bedieningspunt,Willem Elsschotstraat,5,2050
Antwerpen,2014,Antwerpen | Bibliotheek Kielpark,Bedieningspunt,Wittestraat,10,2020
Antwerpen,2014,Antwerpen | Bibliotheek Luchtbal (tijdelijke locatie),Bedieningspunt,Montrealstraat,6,2030
Antwerpen,2014,Antwerpen | Bibliotheek Permeke,Hoofdbibliotheek,De Coninckplein,26,2060
Antwerpen,2014,Antwerpen | Bibliotheek Sint-Andries,Bedieningspunt,Sint-Andriesplaats,22,2000
Antwerpen,2014,Berchem | Bibliotheek De Poort,Bedieningspunt,Willem Van Laarstraat,15-17,2600
Antwerpen,2014,Berchem | Kinderbib De Vertellerij,Bedieningspunt,Turkooisstraat,18,2600
Antwerpen,2014,Berendrecht | Bibliotheek Viswater,Bedieningspunt,Tongerlostraat,2,2040
Antwerpen,2014,Borgerhout | Bibliotheek Vrede,Bedieningspunt,Moorkensplein,19,2140
Antwerpen,2014,Deurne | Bibliotheek Arena,Bedieningspunt,Arenaplein,62A,2100
Antwerpen,2014,Deurne | Bibliotheek Couwelaar,Bedieningspunt,Te Couwelaarlei,120,2100
Antwerpen,2014,Ekeren | Bibliotheek Driehoek,Bedieningspunt,Driehoekstraat,43,2180
Antwerpen,2014,Hoboken | Bibliotheek Hoboken,Bedieningspunt,Kapelstraat,64,2660
Antwerpen,2014,Merksem | Bibliotheek Park,Bedieningspunt,Van Heybeeckstraat,28A,2170
Antwerpen,2014,Wilrijk | Bibliotheek Bist,Bedieningspunt,Bist,1,2610
Antwerpen,2013,Antwerpen | Bibliotheek Brederode,Bedieningspunt,Brederodestraat,119,2018
Antwerpen,2013,Antwerpen | Bibliotheek Elsschot,Bedieningspunt,Willem Elsschotstraat,5,2050
Antwerpen,2013,Antwerpen | Bibliotheek Kielpark,Bedieningspunt,Wittestraat,10,2020
Antwerpen,2013,Antwerpen | Bibliotheek Luchtbal (tijdelijke locatie),Bedieningspunt,Montrealstraat,6,2030
Antwerpen,2013,Antwerpen | Bibliotheek Permeke,Hoofdbibliotheek,De Coninckplein,26,2060
Antwerpen,2013,Antwerpen | Bibliotheek Sint-Andries,Bedieningspunt,Sint-Andriesplaats,22,2000
Antwerpen,2013,Berchem | Bibliotheek De Poort,Bedieningspunt,Willem Van Laarstraat,15-17,2600
Antwerpen,2013,Berchem | Kinderbib De Vertellerij,Bedieningspunt,Turkooisstraat,18,2600
Antwerpen,2013,Berendrecht | Bibliotheek Viswater,Bedieningspunt,Tongerlostraat,2,2040
Antwerpen,2013,Borgerhout | Bibliotheek Vrede,Bedieningspunt,Moorkensplein,19,2140
Antwerpen,2013,Deurne | Bibliotheek Arena,Bedieningspunt,Arenaplein,62A,2100
Antwerpen,2013,Deurne | Bibliotheek Couwelaar,Bedieningspunt,Te Couwelaarlei,120,2100
Antwerpen,2013,Ekeren | Bibliotheek Driehoek,Bedieningspunt,Driehoekstraat,43,2180
Antwerpen,2013,Hoboken | Bibliotheek Hoboken,Bedieningspunt,Kapelstraat,64,2660
Antwerpen,2013,Merksem | Bibliotheek Park,Bedieningspunt,Van Heybeeckstraat,28A,2170
Antwerpen,2013,Wilrijk | Bibliotheek Bist,Bedieningspunt,Bist,1,2610
Antwerpen,2012,Antwerpen | Bibliotheek Brederode,Bedieningspunt,Brederodestraat,119,2018
Antwerpen,2012,Antwerpen | Bibliotheek Elsschot,Bedieningspunt,Willem Elsschotstraat,5,2050
Antwerpen,2012,Antwerpen | Bibliotheek Kielpark,Bedieningspunt,Wittestraat,10,2020
Antwerpen,2012,Antwerpen | Bibliotheek Luchtbal (tijdelijke locatie),Bedieningspunt,Montrealstraat,6,2030
Antwerpen,2012,Antwerpen | Bibliotheek Permeke,Hoofdbibliotheek,De Coninckplein,26,2060
Antwerpen,2012,Antwerpen | Bibliotheek Sint-Andries,Bedieningspunt,Sint-Andriesplaats,22,2000
Antwerpen,2012,Berchem | Bibliotheek De Poort,Bedieningspunt,Willem Van Laarstraat,15-17,2600
Antwerpen,2012,Berendrecht | Bibliotheek Viswater,Bedieningspunt,Tongerlostraat,2,2040
Antwerpen,2012,Borgerhout | Bibliotheek Vrede,Bedieningspunt,Moorkensplein,19,2140
Antwerpen,2012,Deurne | Bibliotheek Arena,Bedieningspunt,Arenaplein,62A,2100
Antwerpen,2012,Deurne | Bibliotheek Couwelaar,Bedieningspunt,Te Couwelaarlei,120,2100
Antwerpen,2012,Ekeren | Bibliotheek Driehoek,Bedieningspunt,Driehoekstraat,43,2180
Antwerpen,2012,Groenenhoek,Bedieningspunt,Turkooisstraat,18,2600
Antwerpen,2012,Hoboken | Bibliotheek Hoboken,Bedieningspunt,Kapelstraat,64,2660
Antwerpen,2012,Kaeck,Bedieningspunt,Koningin Elisabethstraat,3,2610
Antwerpen,2012,Merksem | Bibliotheek Park,Bedieningspunt,Van Heybeeckstraat,28A,2170
Antwerpen,2012,Wilrijk | Bibliotheek Bist,Bedieningspunt,Bist,1,2610
Antwerpen,2011,Antwerpen | Bibliotheek Brederode,Bedieningspunt,Brederodestraat,119,2018
Antwerpen,2011,Antwerpen | Bibliotheek Elsschot,Bedieningspunt,Willem Elsschotstraat,5,2050
Antwerpen,2011,Antwerpen | Bibliotheek Kielpark,Bedieningspunt,Wittestraat,10,2020
Antwerpen,2011,Antwerpen | Bibliotheek Luchtbal (tijdelijke locatie),Bedieningspunt,Montrealstraat,6,2030
Antwerpen,2011,Antwerpen | Bibliotheek Permeke,Hoofdbibliotheek,De Coninckplein,26,2060
Antwerpen,2011,Antwerpen | Bibliotheek Sint-Andries,Bedieningspunt,Sint-Andriesplaats,22,2000
Antwerpen,2011,Berchem | Bibliotheek De Poort,Bedieningspunt,Willem Van Laarstraat,15-17,2600
Antwerpen,2011,Berendrecht | Bibliotheek Viswater,Bedieningspunt,Tongerlostraat,2,2040
Antwerpen,2011,Borgerhout | Bibliotheek Vrede,Bedieningspunt,Moorkensplein,19,2140
Antwerpen,2011,Deurne | Bibliotheek Arena,Bedieningspunt,Arenaplein,62A,2100
Antwerpen,2011,Deurne | Bibliotheek Couwelaar,Bedieningspunt,Te Couwelaarlei,120,2100
Antwerpen,2011,Ekeren | Bibliotheek Driehoek,Bedieningspunt,Driehoekstraat,43,2180
Antwerpen,2011,Groenenhoek,Bedieningspunt,Turkooisstraat,18,2600
Antwerpen,2011,Hoboken,Bedieningspunt,Kapelstraat,64,2660
Antwerpen,2011,Kaeck,Bedieningspunt,Koningin Elisabethstraat,3,2610
Antwerpen,2011,Merksem | Bibliotheek Park,Bedieningspunt,Van Heybeeckstraat,28A,2170
Antwerpen,2011,Wilrijk | Bibliotheek Bist,Bedieningspunt,Bist,1,2610
Antwerpen,2010,Antwerpen | Bibliotheek Brederode,Bedieningspunt,Brederodestraat,119,2018
Antwerpen,2010,Antwerpen | Bibliotheek Elsschot,Bedieningspunt,Willem Elsschotstraat,5,2050
Antwerpen,2010,Antwerpen | Bibliotheek Kielpark,Bedieningspunt,Wittestraat,10,2020
Antwerpen,2010,Antwerpen | Bibliotheek Luchtbal (tijdelijke locatie),Bedieningspunt,Montrealstraat,6,2030
Antwerpen,2010,Antwerpen | Bibliotheek Permeke,Hoofdbibliotheek,De Coninckplein,26,2060
Antwerpen,2010,Antwerpen | Bibliotheek Sint-Andries,Bedieningspunt,Sint-Andriesplaats,22,2000
Antwerpen,2010,Berchem | Bibliotheek De Poort,Bedieningspunt,Willem Van Laarstraat,15-17,2600
Antwerpen,2010,Berendrecht | Bibliotheek Viswater,Bedieningspunt,Tongerlostraat,2,2040
Antwerpen,2010,Borgerhout | Bibliotheek Vrede,Bedieningspunt,Moorkensplein,19,2140
Antwerpen,2010,Deurne | Bibliotheek Arena,Bedieningspunt,Arenaplein,62A,2100
Antwerpen,2010,Deurne | Bibliotheek Couwelaar,Bedieningspunt,Te Couwelaarlei,120,2100
Antwerpen,2010,Ekeren | Bibliotheek Driehoek,Bedieningspunt,Driehoekstraat,43,2180
Antwerpen,2010,Groenenhoek,Bedieningspunt,Turkooisstraat,18,2600
Antwerpen,2010,Hoboken,Bedieningspunt,Kapelstraat,64,2660
Antwerpen,2010,Kaeck,Bedieningspunt,Koningin Elisabethstraat,3,2610
Antwerpen,2010,Merksem | Bibliotheek Park,Bedieningspunt,Van Heybeeckstraat,28A,2170
Antwerpen,2010,Wilrijk | Bibliotheek Bist,Bedieningspunt,Bist,1,2610
Antwerpen,2009,Andries,Bedieningspunt,Sint-Andriesplaats,22,2000
Antwerpen,2009,Antwerpen | Bibliotheek Brederode,Bedieningspunt,Brederodestraat,119,2018
Antwerpen,2009,Antwerpen | Bibliotheek Elsschot,Bedieningspunt,Willem Elsschotstraat,5,2050
Antwerpen,2009,Antwerpen | Bibliotheek Kielpark,Bedieningspunt,Wittestraat,10,2020
Antwerpen,2009,Antwerpen | Bibliotheek Luchtbal (tijdelijke locatie),Bedieningspunt,Montrealstraat,6,2030
Antwerpen,2009,Antwerpen | Bibliotheek Permeke,Hoofdbibliotheek,De Coninckplein,26,2060
Antwerpen,2009,Berchem | Bibliotheek De Poort,Bedieningspunt,Willem Van Laarstraat,15-17,2600
Antwerpen,2009,Berendrecht | Bibliotheek Viswater,Bedieningspunt,Tongerlostraat,2,2040
Antwerpen,2009,Borgerhout | Bibliotheek Vrede,Bedieningspunt,Moorkensplein,19,2140
Antwerpen,2009,Deurne | Bibliotheek Arena,Bedieningspunt,Arenaplein,62A,2100
Antwerpen,2009,Deurne | Bibliotheek Couwelaar,Bedieningspunt,Te Couwelaarlei,120,2100
Antwerpen,2009,Ekeren | Bibliotheek Driehoek,Bedieningspunt,Driehoekstraat,43,2180
Antwerpen,2009,Felix,Bedieningspunt,Oudeleeuwenrui,29,2000
Antwerpen,2009,Groenenhoek,Bedieningspunt,Turkooisstraat,18,2600
Antwerpen,2009,Hedera,Bedieningspunt,Lodewijk De Koninckstraat,10,2600
Antwerpen,2009,Hoboken,Bedieningspunt,Kapelstraat,64,2660
Antwerpen,2009,Isabella,Bedieningspunt,Isabellalei,69,2018
Antwerpen,2009,Kaeck,Bedieningspunt,Koningin Elisabethstraat,3,2610
Antwerpen,2009,Maantjes,Bedieningspunt,Maantjessteenweg,23,2170
Antwerpen,2009,Mariaburg,Bedieningspunt,Van De Weyngaertplein,38,2180
Antwerpen,2009,Merksem | Bibliotheek Park,Bedieningspunt,Van Heybeeckstraat,28A,2170
Antwerpen,2009,Morckhoven,Bedieningspunt,Joseph Deckerslaan,2A,2100
Antwerpen,2009,Nieuwdreef,Bedieningspunt,Nieuwdreef,135,2170
Antwerpen,2009,Wilrijk | Bibliotheek Bist,Bedieningspunt,Bist,1,2610
Antwerpen,2009,Zurenborg,Bedieningspunt,Wolfstraat,1,2018
Antwerpen,2009,Zwarte Arend,Bedieningspunt,Schotensesteenweg,138,2100
Antwerpen,2008,Andries,Bedieningspunt,Sint-Andriesplaats,22,2000
Antwerpen,2008,Antwerpen | Bibliotheek Brederode,Bedieningspunt,Brederodestraat,119,2018
Antwerpen,2008,Antwerpen | Bibliotheek Elsschot,Bedieningspunt,Willem Elsschotstraat,5,2050
Antwerpen,2008,Antwerpen | Bibliotheek Kielpark,Bedieningspunt,Wittestraat,10,2020
Antwerpen,2008,Antwerpen | Bibliotheek Luchtbal (tijdelijke locatie),Bedieningspunt,Montrealstraat,6,2030
Antwerpen,2008,Antwerpen | Bibliotheek Permeke,Hoofdbibliotheek,De Coninckplein,26,2060
Antwerpen,2008,Berchem | Bibliotheek De Poort,Bedieningspunt,Willem Van Laarstraat,15-17,2600
Antwerpen,2008,Berendrecht | Bibliotheek Viswater,Bedieningspunt,Tongerlostraat,2,2040
Antwerpen,2008,Borgerhout | Bibliotheek Vrede,Bedieningspunt,Moorkensplein,19,2140
Antwerpen,2008,Deurne | Bibliotheek Arena,Bedieningspunt,Arenaplein,62A,2100
Antwerpen,2008,Deurne | Bibliotheek Couwelaar,Bedieningspunt,Te Couwelaarlei,120,2100
Antwerpen,2008,Ekeren | Bibliotheek Driehoek,Bedieningspunt,Driehoekstraat,43,2180
Antwerpen,2008,Felix,Bedieningspunt,Oudeleeuwenrui,29,2000
Antwerpen,2008,Groenenhoek,Bedieningspunt,Turkooisstraat,18,2600
Antwerpen,2008,Hedera,Bedieningspunt,Lodewijk De Koninckstraat,10,2600
Antwerpen,2008,Hoboken,Bedieningspunt,Kapelstraat,64,2660
Antwerpen,2008,Isabella,Bedieningspunt,Isabellalei,69,2018
Antwerpen,2008,Kaeck,Bedieningspunt,Koningin Elisabethstraat,3,2610
Antwerpen,2008,Maantjes,Bedieningspunt,Maantjessteenweg,23,2170
Antwerpen,2008,Mariaburg,Bedieningspunt,Van De Weyngaertplein,38,2180
Antwerpen,2008,Merksem | Bibliotheek Park,Bedieningspunt,Van Heybeeckstraat,28A,2170
Antwerpen,2008,Morckhoven,Bedieningspunt,Joseph Deckerslaan,2A,2100
Antwerpen,2008,Nieuwdreef,Bedieningspunt,Nieuwdreef,135,2170
Antwerpen,2008,Wilrijk | Bibliotheek Bist,Bedieningspunt,Bist,1,2610
Antwerpen,2008,Zurenborg,Bedieningspunt,Wolfstraat,1,2018
Antwerpen,2008,Zwarte Arend,Bedieningspunt,Schotensesteenweg,138,2100
Antwerpen,2007,Antwerpen | Bibliotheek Brederode,Bedieningspunt,Brederodestraat,119,2018
Antwerpen,2007,Antwerpen | Bibliotheek Elsschot,Bedieningspunt,Willem Elsschotstraat,5,2050
Antwerpen,2007,Antwerpen | Bibliotheek Kielpark,Bedieningspunt,Wittestraat,10,2020
Antwerpen,2007,Antwerpen | Bibliotheek Luchtbal (tijdelijke locatie),Bedieningspunt,Montrealstraat,6,2030
Antwerpen,2007,Antwerpen | Bibliotheek Permeke,Hoofdbibliotheek,De Coninckplein,26,2060
Antwerpen,2007,Antwerpen | Bibliotheek Sint-Andries,Bedieningspunt,Sint-Andriesplaats,22,2000
Antwerpen,2007,Berchem | Bibliotheek De Poort,Bedieningspunt,Willem Van Laarstraat,15-17,2600
Antwerpen,2007,Berendrecht | Bibliotheek Viswater,Bedieningspunt,Tongerlostraat,2,2040
Antwerpen,2007,Borgerhout | Bibliotheek Vrede,Bedieningspunt,Moorkensplein,19,2140
Antwerpen,2007,Deurne | Bibliotheek Arena,Bedieningspunt,Arenaplein,62A,2100
Antwerpen,2007,Deurne | Bibliotheek Couwelaar,Bedieningspunt,Te Couwelaarlei,120,2100
Antwerpen,2007,Ekeren | Bibliotheek Driehoek,Bedieningspunt,Driehoekstraat,43,2180
Antwerpen,2007,Felix,Bedieningspunt,Oudeleeuwenrui,29,2000
Antwerpen,2007,Groenenhoek,Bedieningspunt,Turkooisstraat,18,2600
Antwerpen,2007,Hedera,Bedieningspunt,Lodewijk De Koninckstraat,10,2600
Antwerpen,2007,Hoboken,Bedieningspunt,Kapelstraat,64,2660
Antwerpen,2007,Isabella,Bedieningspunt,Isabellalei,69,2018
Antwerpen,2007,Kaeck,Bedieningspunt,Koningin Elisabethstraat,3,2610
Antwerpen,2007,Maantjessteenweg,Bedieningspunt,Maantjessteenweg,23,2170
Antwerpen,2007,Mariaburg,Bedieningspunt,Van De Weyngaertplein,38,2180
Antwerpen,2007,Merksem | Bibliotheek Park,Bedieningspunt,Van Heybeeckstraat,28A,2170
Antwerpen,2007,Morckhoven,Bedieningspunt,Joseph Deckerslaan,2A,2100
Antwerpen,2007,Nieuwdreef,Bedieningspunt,Nieuwdreef,135,2170
Antwerpen,2007,Wilrijk | Bibliotheek Bist,Bedieningspunt,Bist,1,2610
Antwerpen,2007,Zurenborg,Bedieningspunt,Wolfstraat,1,2018
Antwerpen,2007,Zwarte Arend,Bedieningspunt,Schotensesteenweg,138,2100
Antwerpen,2006,Antwerpen | Bibliotheek Brederode,Bedieningspunt,Brederodestraat,119,2018
Antwerpen,2006,Antwerpen | Bibliotheek Elsschot,Bedieningspunt,Willem Elsschotstraat,5,2050
Antwerpen,2006,Antwerpen | Bibliotheek Kielpark,Bedieningspunt,Wittestraat,10,2020
Antwerpen,2006,Antwerpen | Bibliotheek Luchtbal (tijdelijke locatie),Bedieningspunt,Montrealstraat,6,2030
Antwerpen,2006,Antwerpen | Bibliotheek Permeke,Hoofdbibliotheek,De Coninckplein,26,2060
Antwerpen,2006,Antwerpen | Bibliotheek Sint-Andries,Bedieningspunt,Sint-Andriesplaats,22,2000
Antwerpen,2006,Berchem | Bibliotheek De Poort,Bedieningspunt,Willem Van Laarstraat,15-17,2600
Antwerpen,2006,Berendrecht | Bibliotheek Viswater,Bedieningspunt,Tongerlostraat,2,2040
Antwerpen,2006,Borgerhout | Bibliotheek Vrede,Bedieningspunt,Moorkensplein,19,2140
Antwerpen,2006,Deurne | Bibliotheek Arena,Bedieningspunt,Arenaplein,62A,2100
Antwerpen,2006,Deurne | Bibliotheek Couwelaar,Bedieningspunt,Te Couwelaarlei,120,2100
Antwerpen,2006,Ekeren | Bibliotheek Driehoek,Bedieningspunt,Driehoekstraat,43,2180
Antwerpen,2006,Felix,Bedieningspunt,Oudeleeuwenrui,29,2000
Antwerpen,2006,Groenenhoek,Bedieningspunt,Turkooisstraat,18,2600
Antwerpen,2006,Hedera,Bedieningspunt,Lodewijk De Koninckstraat,10,2600
Antwerpen,2006,Hoboken,Bedieningspunt,Kapelstraat,64,2660
Antwerpen,2006,Isabella,Bedieningspunt,Isabellalei,69,2018
Antwerpen,2006,Kaeck,Bedieningspunt,Koningin Elisabethstraat,3,2610
Antwerpen,2006,Maantjessteenweg,Bedieningspunt,Maantjessteenweg,23,2170
Antwerpen,2006,Mariaburg,Bedieningspunt,Van De Weyngaertplein,38,2180
Antwerpen,2006,Merksem | Bibliotheek Park,Bedieningspunt,Van Heybeeckstraat,28A,2170
Antwerpen,2006,Morckhoven,Bedieningspunt,Joseph Deckerslaan,2A,2100
Antwerpen,2006,Nieuwdreef,Bedieningspunt,Nieuwdreef,135,2170
Antwerpen,2006,Wilrijk | Bibliotheek Bist,Bedieningspunt,Bist,1,2610
Antwerpen,2006,Zurenborg,Bedieningspunt,Wolfstraat,1,2018
Antwerpen,2006,Zwarte Arend,Bedieningspunt,Schotensesteenweg,138,2100
Anzegem,2018,Bib Ingooigem (Gemeenteschool),Bedieningspunt,Pastoor Verriesstraat,12,8570
Anzegem,2018,Bib Vichte (Boven politie),Bedieningspunt,Beukenhofstraat,42,8570
Anzegem,2018,Hoofdbibliotheek ANZEGEM,Hoofdbibliotheek,Landergemstraat,1A,8570
Anzegem,2017,Bib Ingooigem (Gemeenteschool),Bedieningspunt,Pastoor Verriesstraat,12,8570
Anzegem,2017,Bib Vichte (Boven politie),Bedieningspunt,Beukenhofstraat,42,8570
Anzegem,2017,Hoofdbibliotheek ANZEGEM,Hoofdbibliotheek,Landergemstraat,1A,8570
Anzegem,2016,Bib Ingooigem (Gemeenteschool),Bedieningspunt,Pastoor Verriesstraat,12,8570
Anzegem,2016,Bib Vichte (Boven politie),Bedieningspunt,Beukenhofstraat,42,8570
Anzegem,2016,Hoofdbibliotheek ANZEGEM,Hoofdbibliotheek,Landergemstraat,1A,8570
Anzegem,2015,Bib Ingooigem (Gemeenteschool),Bedieningspunt,Pastoor Verriesstraat,12,8570
Anzegem,2015,Bib Vichte (Boven politie),Bedieningspunt,Beukenhofstraat,42,8570
Anzegem,2015,Hoofdbibliotheek ANZEGEM,Hoofdbibliotheek,Landergemstraat,1A,8570
Anzegem,2014,Bib Ingooigem (Gemeenteschool),Bedieningspunt,Pastoor Verriesstraat,12,8570
Anzegem,2014,Bib Vichte (Boven politie),Bedieningspunt,Beukenhofstraat,42,8570
Anzegem,2014,Hoofdbibliotheek ANZEGEM,Hoofdbibliotheek,Landergemstraat,1A,8570
Anzegem,2013,Bib Ingooigem (Gemeenteschool),Bedieningspunt,Pastoor Verriesstraat,12,8570
Anzegem,2013,Bib Vichte (Boven politie),Bedieningspunt,Beukenhofstraat,42,8570
Anzegem,2013,Hoofdbibliotheek ANZEGEM,Hoofdbibliotheek,Landergemstraat,1A,8570
Anzegem,2012,Bib Ingooigem (Gemeenteschool),Bedieningspunt,Pastoor Verriesstraat,12,8570
Anzegem,2012,Bib Vichte (Boven politie),Bedieningspunt,Beukenhofstraat,42,8570
Anzegem,2012,Hoofdbibliotheek ANZEGEM,Hoofdbibliotheek,Landergemstraat,1A,8570
Anzegem,2011,Bib Ingooigem (Gemeenteschool),Bedieningspunt,Pastoor Verriesstraat,12,8570
Anzegem,2011,Bib Vichte (Boven politie),Bedieningspunt,Beukenhofstraat,42,8570
Anzegem,2011,Hoofdbibliotheek ANZEGEM,Hoofdbibliotheek,Landergemstraat,1A,8570
Anzegem,2010,Bib Ingooigem (Gemeenteschool),Bedieningspunt,Pastoor Verriesstraat,12,8570
Anzegem,2010,Bib Vichte (Boven politie),Bedieningspunt,Beukenhofstraat,42,8570
Anzegem,2010,Hoofdbibliotheek ANZEGEM,Hoofdbibliotheek,Landergemstraat,1A,8570
Anzegem,2009,Bib Ingooigem (Gemeenteschool),Bedieningspunt,Pastoor Verriesstraat,12,8570
Anzegem,2009,Bib Vichte (Boven politie),Bedieningspunt,Beukenhofstraat,42,8570
Anzegem,2009,Hoofdbibliotheek ANZEGEM,Hoofdbibliotheek,Landergemstraat,1A,8570
Anzegem,2008,Bib Ingooigem (Gemeenteschool),Bedieningspunt,Pastoor Verriesstraat,12,8570
Anzegem,2008,Bib Vichte (Boven politie),Bedieningspunt,Beukenhofstraat,42,8570
Anzegem,2008,Hoofdbibliotheek ANZEGEM,Hoofdbibliotheek,Landergemstraat,1A,8570
Anzegem,2007,Bib Ingooigem (Gemeenteschool),Bedieningspunt,Pastoor Verriesstraat,12,8570
Anzegem,2007,Bib Vichte (Boven politie),Bedieningspunt,Beukenhofstraat,42,8570
Anzegem,2007,Hoofdbibliotheek ANZEGEM,Hoofdbibliotheek,Landergemstraat,1A,8570
Anzegem,2006,Bib Ingooigem (Gemeenteschool),Bedieningspunt,Pastoor Verriesstraat,12,8570
Anzegem,2006,Bib Vichte (Boven politie),Bedieningspunt,Beukenhofstraat,42,8570
Anzegem,2006,Hoofdbibliotheek ANZEGEM,Hoofdbibliotheek,Landergemstraat,1A,8570
Ardooie,2016,Hoofdbibliotheek ARDOOIE,Hoofdbibliotheek,Mgr. Roelensstraat,26,8850
Ardooie,2015,Hoofdbibliotheek ARDOOIE,Hoofdbibliotheek,Mgr. Roelensstraat,26,8850
Ardooie,2014,Hoofdbibliotheek ARDOOIE,Hoofdbibliotheek,Mgr. Roelensstraat,26,8850
Ardooie,2013,Hoofdbibliotheek ARDOOIE,Hoofdbibliotheek,Mgr. Roelensstraat,26,8850
Ardooie,2012,Hoofdbibliotheek ARDOOIE,Hoofdbibliotheek,Mgr. Roelensstraat,26,8850
Ardooie,2011,Hoofdbibliotheek ARDOOIE,Hoofdbibliotheek,Mgr. Roelensstraat,26,8850
Ardooie,2010,Hoofdbibliotheek ARDOOIE,Hoofdbibliotheek,Mgr. Roelensstraat,26,8850
Ardooie,2009,Hoofdbibliotheek ARDOOIE,Hoofdbibliotheek,Mgr. Roelensstraat,26,8850
Ardooie,2008,Hoofdbibliotheek ARDOOIE,Hoofdbibliotheek,Mgr. Roelensstraat,26,8850
Ardooie,2007,Hoofdbibliotheek ARDOOIE,Hoofdbibliotheek,Mgr. Roelensstraat,26,8850
Ardooie,2006,Hoofdbibliotheek ARDOOIE,Hoofdbibliotheek,Mgr. Roelensstraat,26,8850
Arendonk,2015,Hoofdbibliotheek ARENDONK,Hoofdbibliotheek,Deroissart,5,2370
Arendonk,2014,Hoofdbibliotheek ARENDONK,Hoofdbibliotheek,Deroissart,5,2370
Arendonk,2013,Hoofdbibliotheek ARENDONK,Hoofdbibliotheek,Deroissart,5,2370
Arendonk,2012,Hoofdbibliotheek ARENDONK,Hoofdbibliotheek,Deroissart,5,2370
Arendonk,2011,Hoofdbibliotheek ARENDONK,Hoofdbibliotheek,Deroissart,5,2370
Arendonk,2010,Hoofdbibliotheek ARENDONK,Hoofdbibliotheek,Deroissart,5,2370
Arendonk,2009,Hoofdbibliotheek ARENDONK,Hoofdbibliotheek,Deroissart,5,2370
Arendonk,2009,Voorheide,Bedieningspunt,De Brulen,11,2370
Arendonk,2008,Hoofdbibliotheek ARENDONK,Hoofdbibliotheek,Deroissart,5,2370
Arendonk,2007,Hoofdbibliotheek ARENDONK,Hoofdbibliotheek,Deroissart,5,2370
Arendonk,2006,Hoofdbibliotheek ARENDONK,Hoofdbibliotheek,Deroissart,5,2370
As,2015,Hoofdbibliotheek AS,Hoofdbibliotheek,Kerkstraat,6,3665
As,2014,Hoofdbibliotheek AS,Hoofdbibliotheek,Kerkstraat,6,3665
As,2013,Hoofdbibliotheek AS,Hoofdbibliotheek,Kerkstraat,6,3665
As,2012,Hoofdbibliotheek AS,Hoofdbibliotheek,Kerkstraat,6,3665
As,2011,Hoofdbibliotheek AS,Hoofdbibliotheek,Kerkstraat,6,3665
As,2010,Hoofdbibliotheek AS,Hoofdbibliotheek,Kerkstraat,6,3665
As,2009,Hoofdbibliotheek AS,Hoofdbibliotheek,Kerkstraat,6,3665
As,2008,Hoofdbibliotheek AS,Hoofdbibliotheek,Kerkstraat,6,3665
As,2007,Hoofdbibliotheek AS,Hoofdbibliotheek,Kerkstraat,6,3665
As,2006,Hoofdbibliotheek AS,Hoofdbibliotheek,Kerkstraat,6,3665
Asse,2018,filiaal Zellik,Bedieningspunt,Brusselsesteenweg,543,1730
Asse,2018,Hoofdbibliotheek ASSE,Hoofdbibliotheek,Huinegem,2,1730
Asse,2017,filiaal Zellik,Bedieningspunt,Brusselsesteenweg,543,1730
Asse,2017,Hoofdbibliotheek ASSE,Hoofdbibliotheek,Huinegem,2,1730
Asse,2016,filiaal Zellik,Bedieningspunt,Brusselsesteenweg,543,1730
Asse,2016,Hoofdbibliotheek ASSE,Hoofdbibliotheek,Huinegem,2,1730
Asse,2015,filiaal Zellik,Bedieningspunt,Brusselsesteenweg,543,1730
Asse,2015,Hoofdbibliotheek ASSE,Hoofdbibliotheek,Huinegem,2,1730
Asse,2014,filiaal Zellik,Bedieningspunt,Brusselsesteenweg,543,1730
Asse,2014,Hoofdbibliotheek ASSE,Hoofdbibliotheek,Huinegem,2,1730
Asse,2013,filiaal Zellik,Bedieningspunt,Brusselsesteenweg,543,1730
Asse,2013,Hoofdbibliotheek ASSE,Hoofdbibliotheek,Huinegem,2,1730
Asse,2012,filiaal Zellik,Bedieningspunt,Brusselsesteenweg,543,1730
Asse,2012,Hoofdbibliotheek ASSE,Hoofdbibliotheek,Huinegem,2,1730
Asse,2011,filiaal Zellik,Bedieningspunt,Brusselsesteenweg,543,1730
Asse,2011,Hoofdbibliotheek ASSE,Hoofdbibliotheek,Huinegem,2,1730
Asse,2011,Uitleenpost Mollem,Bedieningspunt,Kouter,2,1730
Asse,2011,Uitleenpost Terheide,Bedieningspunt,Assestraat,9,1730
Asse,2010,filiaal Zellik,Bedieningspunt,Brusselsesteenweg,543,1730
Asse,2010,Hoofdbibliotheek ASSE,Hoofdbibliotheek,Huinegem,2,1730
Asse,2010,Uitleenpost Mollem,Bedieningspunt,Kouter,2,1730
Asse,2010,Uitleenpost Terheide,Bedieningspunt,Assestraat,9,1730
Asse,2009,filiaal Zellik,Bedieningspunt,Brusselsesteenweg,543,1730
Asse,2009,Hoofdbibliotheek ASSE,Hoofdbibliotheek,Huinegem,2,1730
Asse,2009,Uitleenpost Mollem,Bedieningspunt,Kouter,2,1730
Asse,2009,Uitleenpost Terheide,Bedieningspunt,Assestraat,9,1730
Asse,2009,uitleenpost Walfergem,Bedieningspunt,Brusselsesteenweg,127,1730
Asse,2008,filiaal Zellik,Bedieningspunt,Brusselsesteenweg,543,1730
Asse,2008,Hoofdbibliotheek ASSE,Hoofdbibliotheek,Huinegem,2,1730
Asse,2008,Uitleenpost Mollem,Bedieningspunt,Kouter,2,1730
Asse,2008,Uitleenpost Terheide,Bedieningspunt,Assestraat,9,1730
Asse,2008,uitleenpost Walfergem,Bedieningspunt,Brusselsesteenweg,127,1730
Asse,2007,filiaal Zellik,Bedieningspunt,Brusselsesteenweg,543,1730
Asse,2007,Hoofdbibliotheek ASSE,Hoofdbibliotheek,Huinegem,2,1730
Asse,2007,Uitleenpost Mollem,Bedieningspunt,Kouter,2,1730
Asse,2007,Uitleenpost Terheide,Bedieningspunt,Assestraat,9,1730
Asse,2007,uitleenpost Walfergem,Bedieningspunt,Brusselsesteenweg,127,1730
Asse,2006,filiaal Zellik,Bedieningspunt,Brusselsesteenweg,543,1730
Asse,2006,Hoofdbibliotheek ASSE,Hoofdbibliotheek,Huinegem,2,1730
Asse,2006,Uitleenpost Mollem,Bedieningspunt,Kouter,2,1730
Asse,2006,Uitleenpost Terheide,Bedieningspunt,Assestraat,9,1730
Asse,2006,uitleenpost Walfergem,Bedieningspunt,Brusselsesteenweg,127,1730
Assenede,2018,Hoofdbibliotheek ASSENEDE,Hoofdbibliotheek,Kapelledreef,2,9960
Assenede,2017,Hoofdbibliotheek ASSENEDE,Hoofdbibliotheek,Kapelledreef,2,9960
Assenede,2016,Hoofdbibliotheek ASSENEDE,Hoofdbibliotheek,Kapelledreef,2,9960
Assenede,2015,Hoofdbibliotheek ASSENEDE,Hoofdbibliotheek,Kapelledreef,2,9960
Assenede,2014,Hoofdbibliotheek ASSENEDE,Hoofdbibliotheek,Kapelledreef,2,9960
Assenede,2013,Hoofdbibliotheek ASSENEDE,Hoofdbibliotheek,Kapelledreef,2,9960
Assenede,2012,Hoofdbibliotheek ASSENEDE,Hoofdbibliotheek,Kapelledreef,2,9960
Assenede,2011,Hoofdbibliotheek ASSENEDE,Hoofdbibliotheek,Kapelledreef,2,9960
Assenede,2011,Uitleenpost Oosteeklo,Bedieningspunt,Ertveldesteenweg,15,9968
Assenede,2010,Hoofdbibliotheek ASSENEDE,Hoofdbibliotheek,Kapelledreef,2,9960
Assenede,2010,Uitleenpost Oosteeklo,Bedieningspunt,Ertveldesteenweg,15,9968
Assenede,2009,Hoofdbibliotheek ASSENEDE,Hoofdbibliotheek,Kapelledreef,2,9960
Assenede,2009,Uitleenpost Boekhoute,Bedieningspunt,Noordstraat,5,9961
Assenede,2009,Uitleenpost Oosteeklo,Bedieningspunt,Ertveldesteenweg,15,9968
Assenede,2008,Hoofdbibliotheek ASSENEDE,Hoofdbibliotheek,Kapelledreef,2,9960
Assenede,2008,Uitleenpost Boekhoute,Bedieningspunt,Noordstraat,5,9961
Assenede,2008,Uitleenpost Oosteeklo,Bedieningspunt,Ertveldesteenweg,15,9968
Assenede,2007,Hoofdbibliotheek ASSENEDE,Hoofdbibliotheek,Kapelledreef,2,9960
Assenede,2007,Uitleenpost Boekhoute,Bedieningspunt,Noordstraat,5,9961
Assenede,2007,Uitleenpost Oosteeklo,Bedieningspunt,Ertveldesteenweg,15,9968
Assenede,2006,Hoofdbibliotheek ASSENEDE,Hoofdbibliotheek,Kapelledreef,2,9960
Assenede,2006,Uitleenpost Boekhoute,Bedieningspunt,Noordstraat,5,9961
Assenede,2006,Uitleenpost Oosteeklo,Bedieningspunt,Ertveldesteenweg,15,9968
Avelgem,2015,Hoofdbibliotheek AVELGEM,Hoofdbibliotheek,Doorniksesteenweg,77 A,8580
Avelgem,2014,Hoofdbibliotheek AVELGEM,Hoofdbibliotheek,Doorniksesteenweg,77 A,8580
Avelgem,2013,Hoofdbibliotheek AVELGEM,Hoofdbibliotheek,Doorniksesteenweg,77 A,8580
Avelgem,2012,Hoofdbibliotheek AVELGEM,Hoofdbibliotheek,Doorniksesteenweg,77 A,8580
Avelgem,2011,Hoofdbibliotheek AVELGEM,Hoofdbibliotheek,Doorniksesteenweg,77 A,8580
Avelgem,2010,Hoofdbibliotheek AVELGEM,Hoofdbibliotheek,Doorniksesteenweg,77 A,8580
Avelgem,2009,Hoofdbibliotheek AVELGEM,Hoofdbibliotheek,Doorniksesteenweg,77 A,8580
Avelgem,2008,Hoofdbibliotheek AVELGEM,Hoofdbibliotheek,Doorniksesteenweg,77 A,8580
Avelgem,2007,Hoofdbibliotheek AVELGEM,Hoofdbibliotheek,Doorniksesteenweg,77 A,8580
Avelgem,2006,Hoofdbibliotheek AVELGEM,Hoofdbibliotheek,Doorniksesteenweg,77 A,8580
Baarle-Hertog,2015,Hoofdbibliotheek BAARLE-HERTOG,Hoofdbibliotheek,Pastoor de Katerstraat,5,2387
Baarle-Hertog,2014,Hoofdbibliotheek BAARLE-HERTOG,Hoofdbibliotheek,Pastoor de Katerstraat,5,2387
Baarle-Hertog,2013,Hoofdbibliotheek BAARLE-HERTOG,Hoofdbibliotheek,Pastoor de Katerstraat,5,2387
Baarle-Hertog,2012,Hoofdbibliotheek BAARLE-HERTOG,Hoofdbibliotheek,Pastoor de Katerstraat,5,2387
Baarle-Hertog,2011,Hoofdbibliotheek BAARLE-HERTOG,Hoofdbibliotheek,Pastoor de Katerstraat,5,2387
Baarle-Hertog,2010,Hoofdbibliotheek BAARLE-HERTOG,Hoofdbibliotheek,Pastoor de Katerstraat,5,2387
Baarle-Hertog,2009,Hoofdbibliotheek BAARLE-HERTOG,Hoofdbibliotheek,Pastoor de Katerstraat,5,2387
Baarle-Hertog,2008,Hoofdbibliotheek BAARLE-HERTOG,Hoofdbibliotheek,Pastoor de Katerstraat,5,2387
Baarle-Hertog,2007,Hoofdbibliotheek BAARLE-HERTOG,Hoofdbibliotheek,Pastoor de Katerstraat,5,2387
Baarle-Hertog,2006,Hoofdbibliotheek BAARLE-HERTOG,Hoofdbibliotheek,Pastoor de Katerstraat,5,2387
Balen,2019,de Bib van Balen,Hoofdbibliotheek,Bevrijdingsstraat,1,2490
Balen,2018,de Bib van Balen,Hoofdbibliotheek,Bevrijdingsstraat,1,2490
Balen,2017,de Bib van Balen,Hoofdbibliotheek,Bevrijdingsstraat,1,2490
Balen,2016,de Bib van Balen,Hoofdbibliotheek,Bevrijdingsstraat,1,2490
Balen,2015,de Bib van Balen,Hoofdbibliotheek,Bevrijdingsstraat,1,2490
Balen,2014,de Bib van Balen,Hoofdbibliotheek,Bevrijdingsstraat,1,2490
Balen,2013,de Bib van Balen,Hoofdbibliotheek,Bevrijdingsstraat,1,2490
Balen,2012,de Bib van Balen,Hoofdbibliotheek,Bevrijdingsstraat,1,2490
Balen,2011,de Bib van Balen,Hoofdbibliotheek,Bevrijdingsstraat,1,2490
Balen,2010,de Bib van Balen,Hoofdbibliotheek,Bevrijdingsstraat,1,2490
Balen,2009,de Bib van Balen,Hoofdbibliotheek,Bevrijdingsstraat,1,2490
Balen,2008,de Bib van Balen,Hoofdbibliotheek,Bevrijdingsstraat,1,2490
Balen,2007,de Bib van Balen,Hoofdbibliotheek,Bevrijdingsstraat,1,2490
Balen,2006,de Bib van Balen,Hoofdbibliotheek,Bevrijdingsstraat,1,2490
Beernem,2015,Bib Het Schepenhuys,Bedieningspunt,Markt,1,8730
Beernem,2015,Hoofdbibliotheek BEERNEM,Hoofdbibliotheek,C. Marichalstraat,1,8730
Beernem,2014,Bib Het Schepenhuys,Bedieningspunt,Markt,1,8730
Beernem,2014,Hoofdbibliotheek BEERNEM,Hoofdbibliotheek,C. Marichalstraat,1,8730
Beernem,2013,Bib Het Schepenhuys,Bedieningspunt,Markt,1,8730
Beernem,2013,Hoofdbibliotheek BEERNEM,Hoofdbibliotheek,C. Marichalstraat,1,8730
Beernem,2012,Bib Het Schepenhuys,Bedieningspunt,Markt,1,8730
Beernem,2012,Hoofdbibliotheek BEERNEM,Hoofdbibliotheek,C. Marichalstraat,1,8730
Beernem,2011,Bib Het Schepenhuys,Bedieningspunt,Markt,1,8730
Beernem,2011,Hoofdbibliotheek BEERNEM,Hoofdbibliotheek,C. Marichalstraat,1,8730
Beernem,2010,Bib Het Schepenhuys,Bedieningspunt,Markt,1,8730
Beernem,2010,Hoofdbibliotheek BEERNEM,Hoofdbibliotheek,C. Marichalstraat,1,8730
Beernem,2009,Bib Het Schepenhuys,Bedieningspunt,Markt,1,8730
Beernem,2009,Hoofdbibliotheek BEERNEM,Hoofdbibliotheek,C. Marichalstraat,1,8730
Beernem,2008,Bib Het Schepenhuys,Bedieningspunt,Markt,1,8730
Beernem,2008,Hoofdbibliotheek BEERNEM,Hoofdbibliotheek,C. Marichalstraat,1,8730
Beernem,2007,Bib Het Schepenhuys,Bedieningspunt,Markt,1,8730
Beernem,2007,Hoofdbibliotheek BEERNEM,Hoofdbibliotheek,C. Marichalstraat,1,8730
Beernem,2006,Bib Het Schepenhuys,Bedieningspunt,Markt,1,8730
Beernem,2006,Hoofdbibliotheek BEERNEM,Hoofdbibliotheek,C. Marichalstraat,1,8730
Beerse,2018,Hoofdbibliotheek BEERSE,Hoofdbibliotheek,Heilaarstraat,6,2340
Beerse,2018,Uitleenpost Vlimmeren,Bedieningspunt,Heidijk,1,2340
Beerse,2017,Hoofdbibliotheek BEERSE,Hoofdbibliotheek,Heilaarstraat,6,2340
Beerse,2017,Uitleenpost Vlimmeren,Bedieningspunt,Heidijk,1,2340
Beerse,2016,Hoofdbibliotheek BEERSE,Hoofdbibliotheek,Heilaarstraat,6,2340
Beerse,2016,Uitleenpost Vlimmeren,Bedieningspunt,Heidijk,1,2340
Beerse,2015,Hoofdbibliotheek BEERSE,Hoofdbibliotheek,Heilaarstraat,6,2340
Beerse,2015,Uitleenpost Vlimmeren,Bedieningspunt,Heidijk,1,2340
Beerse,2014,Hoofdbibliotheek BEERSE,Hoofdbibliotheek,Heilaarstraat,6,2340
Beerse,2014,Uitleenpost Vlimmeren,Bedieningspunt,Heidijk,1,2340
Beerse,2013,Hoofdbibliotheek BEERSE,Hoofdbibliotheek,Heilaarstraat,6,2340
Beerse,2013,Uitleenpost Vlimmeren,Bedieningspunt,Heidijk,1,2340
Beerse,2012,Hoofdbibliotheek BEERSE,Hoofdbibliotheek,Heilaarstraat,6,2340
Beerse,2012,Uitleenpost Vlimmeren,Bedieningspunt,Heidijk,1,2340
Beerse,2011,Hoofdbibliotheek BEERSE,Hoofdbibliotheek,Heilaarstraat,6,2340
Beerse,2011,Uitleenpost Vlimmeren,Bedieningspunt,Heidijk,1,2340
Beerse,2010,Hoofdbibliotheek BEERSE,Hoofdbibliotheek,Heilaarstraat,6,2340
Beerse,2010,Uitleenpost Vlimmeren,Bedieningspunt,Heidijk,1,2340
Beerse,2009,Hoofdbibliotheek BEERSE,Hoofdbibliotheek,Heilaarstraat,6,2340
Beerse,2009,Uitleenpost Vlimmeren,Bedieningspunt,Heidijk,1,2340
Beerse,2008,Hoofdbibliotheek BEERSE,Hoofdbibliotheek,Heilaarstraat,6,2340
Beerse,2008,Uitleenpost Vlimmeren,Bedieningspunt,Heidijk,1,2340
Beerse,2007,Hoofdbibliotheek BEERSE,Hoofdbibliotheek,Heilaarstraat,6,2340
Beerse,2007,Uitleenpost Vlimmeren,Bedieningspunt,Heidijk,1,2340
Beerse,2006,Hoofdbibliotheek BEERSE,Hoofdbibliotheek,Heilaarstraat,6,2340
Beerse,2006,Uitleenpost Vlimmeren,Bedieningspunt,Heidijk,1,2340
Beersel,2019,Bib Beersel,Hoofdbibliotheek,Brusselsesteenweg,77C,1652
Beersel,2019,Bibliobus,Bedieningspunt,-,-,-
Beersel,2018,Bib Beersel,Hoofdbibliotheek,Brusselsesteenweg,77C,1652
Beersel,2018,Bibliobus,Bedieningspunt,-,-,-
Beersel,2017,Bib Beersel,Hoofdbibliotheek,Brusselsesteenweg,77C,1652
Beersel,2017,Bibliobus,Bedieningspunt,-,-,-
Beersel,2016,Bib Beersel,Hoofdbibliotheek,Brusselsesteenweg,77C,1652
Beersel,2016,Bibliobus,Bedieningspunt,-,-,-
Beersel,2015,Bib Beersel,Hoofdbibliotheek,Brusselsesteenweg,77C,1652
Beersel,2015,Bibliobus,Bedieningspunt,-,-,-
Beersel,2014,Bib Beersel,Hoofdbibliotheek,Brusselsesteenweg,77C,1652
Beersel,2014,Bibliobus,Bedieningspunt,-,-,-
Beersel,2013,Bib Beersel,Hoofdbibliotheek,Brusselsesteenweg,77C,1652
Beersel,2013,Bibliobus,Bedieningspunt,-,-,-
Beersel,2012,Bib Beersel,Hoofdbibliotheek,Brusselsesteenweg,77C,1652
Beersel,2012,Bibliobus,Bedieningspunt,-,-,-
Beersel,2011,Bib Beersel,Hoofdbibliotheek,Brusselsesteenweg,77C,1652
Beersel,2011,Bibliobus,Bedieningspunt,-,-,-
Beersel,2010,Bib Beersel,Hoofdbibliotheek,Brusselsesteenweg,77C,1652
Beersel,2010,Bibliobus,Bedieningspunt,-,-,-
Beersel,2009,Bib Beersel,Hoofdbibliotheek,Brusselsesteenweg,77C,1652
Beersel,2009,Bibliobus,Bedieningspunt,-,-,-
Beersel,2008,Bib Beersel,Hoofdbibliotheek,Brusselsesteenweg,77C,1652
Beersel,2008,Bibliobus,Bedieningspunt,-,-,-
Beersel,2007,Bib Beersel,Hoofdbibliotheek,Brusselsesteenweg,77C,1652
Beersel,2007,Bibliobus,Bedieningspunt,-,-,-
Beersel,2006,Bib Beersel,Hoofdbibliotheek,Brusselsesteenweg,77C,1652
Beersel,2006,Bibliobus,Bedieningspunt,-,-,-
Begijnendijk,2018,Hoofdbibliotheek BEGIJNENDIJK,Hoofdbibliotheek,Dorpstraat,8,3130
Begijnendijk,2017,Hoofdbibliotheek BEGIJNENDIJK,Hoofdbibliotheek,Dorpstraat,8,3130
Begijnendijk,2015,Hoofdbibliotheek BEGIJNENDIJK,Hoofdbibliotheek,Dorpstraat,8,3130
Begijnendijk,2014,Hoofdbibliotheek BEGIJNENDIJK,Hoofdbibliotheek,Dorpstraat,8,3130
Begijnendijk,2013,Hoofdbibliotheek BEGIJNENDIJK,Hoofdbibliotheek,Dorpstraat,8,3130
Begijnendijk,2013,Uitleenpost Betekom,Bedieningspunt,Prof.Scharpélaan,52,3130
Begijnendijk,2012,Hoofdbibliotheek BEGIJNENDIJK,Hoofdbibliotheek,Dorpstraat,8,3130
Begijnendijk,2012,Uitleenpost Betekom,Bedieningspunt,Prof.Scharpélaan,52,3130
Begijnendijk,2011,Hoofdbibliotheek BEGIJNENDIJK,Hoofdbibliotheek,Dorpstraat,8,3130
Begijnendijk,2011,Uitleenpost  Betekom,Bedieningspunt,Prof.Scharpélaan,52,3130
Begijnendijk,2010,Hoofdbibliotheek BEGIJNENDIJK,Hoofdbibliotheek,Dorpstraat,8,3130
Begijnendijk,2010,Uitleenpost Betekom,Bedieningspunt,Prof.Scharpélaan,52,3130
Begijnendijk,2009,Hoofdbibliotheek BEGIJNENDIJK,Hoofdbibliotheek,Dorpstraat,8,3130
Begijnendijk,2009,Uitleenpost Betekom,Bedieningspunt,Prof.Scharpélaan,52,3130
Begijnendijk,2008,Hoofdbibliotheek BEGIJNENDIJK,Hoofdbibliotheek,Dorpstraat,8,3130
Begijnendijk,2008,Uitleenpost Betekom,Bedieningspunt,Prof.Scharpélaan,52,3130
Begijnendijk,2007,Hoofdbibliotheek BEGIJNENDIJK,Hoofdbibliotheek,Dorpstraat,8,3130
Begijnendijk,2007,Uitleenpost Betekom,Bedieningspunt,Prof.Scharpélaan,52,3130
Begijnendijk,2006,Hoofdbibliotheek BEGIJNENDIJK,Hoofdbibliotheek,Dorpstraat,8,3130
Begijnendijk,2006,Uitleenpost Betekom,Bedieningspunt,Prof.Scharpélaan,52,3130
Bekkevoort,2018,Hoofdbibliotheek BEKKEVOORT,Hoofdbibliotheek,Eugeen Coolsstraat,17A,3460
Bekkevoort,2015,Hoofdbibliotheek BEKKEVOORT,Hoofdbibliotheek,Eugeen Coolsstraat,17A,3460
Bekkevoort,2014,Hoofdbibliotheek BEKKEVOORT,Hoofdbibliotheek,Eugeen Coolsstraat,17A,3460
Bekkevoort,2013,Hoofdbibliotheek BEKKEVOORT,Hoofdbibliotheek,Eugeen Coolsstraat,17A,3460
Bekkevoort,2012,Hoofdbibliotheek BEKKEVOORT,Hoofdbibliotheek,Eugeen Coolsstraat,17A,3460
Bekkevoort,2011,Hoofdbibliotheek BEKKEVOORT,Hoofdbibliotheek,Eugeen Coolsstraat,17A,3460
Bekkevoort,2010,Hoofdbibliotheek BEKKEVOORT,Hoofdbibliotheek,Eugeen Coolsstraat,17A,3460
Bekkevoort,2009,Hoofdbibliotheek BEKKEVOORT,Hoofdbibliotheek,Eugeen Coolsstraat,17A,3460
Bekkevoort,2008,Hoofdbibliotheek BEKKEVOORT,Hoofdbibliotheek,Eugeen Coolsstraat,17A,3460
Bekkevoort,2007,Hoofdbibliotheek BEKKEVOORT,Hoofdbibliotheek,Eugeen Coolsstraat,17A,3460
Bekkevoort,2006,Hoofdbibliotheek BEKKEVOORT,Hoofdbibliotheek,Eugeen Coolsstraat,17A,3460
Beringen,2017,Hoofdbibliotheek BERINGEN,Hoofdbibliotheek,Zie tabblad POP-UP,hiernaast,3580
Beringen,2016,Hoofdbibliotheek BERINGEN,Hoofdbibliotheek,Zie tabblad POP-UP,hiernaast,3580
Beringen,2015,Hoofdbibliotheek BERINGEN,Hoofdbibliotheek,Zie tabblad POP-UP,hiernaast,3580
Beringen,2014,Hoofdbibliotheek BERINGEN,Hoofdbibliotheek,Zie tabblad POP-UP,hiernaast,3580
Beringen,2013,Hoofdbibliotheek BERINGEN,Hoofdbibliotheek,Zie tabblad POP-UP,hiernaast,3580
Beringen,2012,Hoofdbibliotheek BERINGEN,Hoofdbibliotheek,Zie tabblad POP-UP,hiernaast,3580
Beringen,2011,Hoofdbibliotheek BERINGEN,Hoofdbibliotheek,Zie tabblad POP-UP,hiernaast,3580
Beringen,2011,Spelotheek De Ballenboom,Bedieningspunt,Koolmijnlaan,201,3582
Beringen,2011,Uitleenpost Beverlo,Bedieningspunt,Burgemeester Heymansplein,z/n,3581
Beringen,2011,Uitleenpost Koersel,Bedieningspunt,Pastorijstraat,44,3582
Beringen,2011,Uitleenpost Paal,Bedieningspunt,Tessenderlosesteenweg,18,3583
Beringen,2010,Hoofdbibliotheek BERINGEN,Hoofdbibliotheek,Zie tabblad POP-UP,hiernaast,3580
Beringen,2010,Spelotheek De Ballenboom,Bedieningspunt,Koolmijnlaan,201,3582
Beringen,2010,Uitleenpost Beverlo,Bedieningspunt,Burgemeester Heymansplein,z/n,3581
Beringen,2010,Uitleenpost Koersel,Bedieningspunt,Pastorijstraat,44,3582
Beringen,2010,Uitleenpost Paal,Bedieningspunt,Tessenderlosesteenweg,18,3583
Beringen,2009,Hoofdbibliotheek BERINGEN,Hoofdbibliotheek,Zie tabblad POP-UP,hiernaast,3580
Beringen,2009,Spelotheek De Ballenboom,Bedieningspunt,Koolmijnlaan,201,3582
Beringen,2009,Uitleenpost Beverlo,Bedieningspunt,Burgemeester Heymansplein,z/n,3581
Beringen,2009,Uitleenpost Koersel,Bedieningspunt,Pastorijstraat,44,3582
Beringen,2009,Uitleenpost Paal,Bedieningspunt,Tessenderlosesteenweg,18,3583
Beringen,2008,Hoofdbibliotheek BERINGEN,Hoofdbibliotheek,Zie tabblad POP-UP,hiernaast,3580
Beringen,2008,Jeugdbibliotheek Stal,Bedieningspunt,Rolweg,z/n,3582
Beringen,2008,Spelotheek De Ballenboom,Bedieningspunt,Koolmijnlaan,201,3582
Beringen,2008,Uitleenpost Beverlo,Bedieningspunt,Burgemeester Heymansplein,z/n,3581
Beringen,2008,Uitleenpost Koersel,Bedieningspunt,Pastorijstraat,44,3582
Beringen,2008,Uitleenpost Paal,Bedieningspunt,Tessenderlosesteenweg,18,3583
Beringen,2007,Hoofdbibliotheek BERINGEN,Hoofdbibliotheek,Zie tabblad POP-UP,hiernaast,3580
Beringen,2007,Jeugdbibliotheek Stal,Bedieningspunt,Rolweg,z/n,3582
Beringen,2007,Spelotheek De Ballenboom,Bedieningspunt,Koolmijnlaan,201,3582
Beringen,2007,Uitleenpost Beverlo,Bedieningspunt,Burgemeester Heymansplein,z/n,3581
Beringen,2007,Uitleenpost Koersel,Bedieningspunt,Pastorijstraat,44,3582
Beringen,2007,Uitleenpost Paal,Bedieningspunt,Tessenderlosesteenweg,18,3583
Beringen,2006,Hoofdbibliotheek BERINGEN,Hoofdbibliotheek,Zie tabblad POP-UP,hiernaast,3580
Beringen,2006,Jeugdbibliotheek Stal,Bedieningspunt,Rolweg,z/n,3582
Beringen,2006,Spelotheek De Ballenboom,Bedieningspunt,Koolmijnlaan,201,3582
Beringen,2006,Uitleenpost Beverlo,Bedieningspunt,Burgemeester Heymansplein,z/n,3581
Beringen,2006,Uitleenpost Koersel,Bedieningspunt,Pastorijstraat,44,3582
Beringen,2006,Uitleenpost Paal,Bedieningspunt,Tessenderlosesteenweg,18,3583
Berlaar,2015,Hoofdbibliotheek BERLAAR,Hoofdbibliotheek,Dorpsstraat,84,2590
Berlaar,2014,Hoofdbibliotheek BERLAAR,Hoofdbibliotheek,Dorpsstraat,84,2590
Berlaar,2013,Hoofdbibliotheek BERLAAR,Hoofdbibliotheek,Dorpsstraat,84,2590
Berlaar,2012,Hoofdbibliotheek BERLAAR,Hoofdbibliotheek,Dorpsstraat,84,2590
Berlaar,2011,Hoofdbibliotheek BERLAAR,Hoofdbibliotheek,Dorpsstraat,84,2590
Berlaar,2010,Hoofdbibliotheek BERLAAR,Hoofdbibliotheek,Dorpsstraat,84,2590
Berlaar,2009,Hoofdbibliotheek BERLAAR,Hoofdbibliotheek,Dorpsstraat,84,2590
Berlaar,2008,Hoofdbibliotheek BERLAAR,Hoofdbibliotheek,Dorpsstraat,84,2590
Berlaar,2007,Hoofdbibliotheek BERLAAR,Hoofdbibliotheek,Dorpsstraat,84,2590
Berlaar,2006,Hoofdbibliotheek BERLAAR,Hoofdbibliotheek,Dorpsstraat,84,2590
Berlare,2019,Hoofdbibliotheek BERLARE,Hoofdbibliotheek,Dorp,101,9290
Berlare,2019,Uitleenpost Overmere,Bedieningspunt,Baron Tibbautstraat,2,9290
Berlare,2018,Hoofdbibliotheek BERLARE,Hoofdbibliotheek,Dorp,101,9290
Berlare,2018,Uitleenpost Overmere,Bedieningspunt,Baron Tibbautstraat,2,9290
Berlare,2017,Hoofdbibliotheek BERLARE,Hoofdbibliotheek,Dorp,101,9290
Berlare,2017,Uitleenpost Overmere,Bedieningspunt,Baron Tibbautstraat,2,9290
Berlare,2016,Hoofdbibliotheek BERLARE,Hoofdbibliotheek,Dorp,101,9290
Berlare,2016,Uitleenpost Overmere,Bedieningspunt,Baron Tibbautstraat,2,9290
Berlare,2015,Hoofdbibliotheek BERLARE,Hoofdbibliotheek,Dorp,101,9290
Berlare,2015,Uitleenpost Overmere,Bedieningspunt,Baron Tibbautstraat,2,9290
Berlare,2014,Hoofdbibliotheek BERLARE,Hoofdbibliotheek,Dorp,101,9290
Berlare,2014,Uitleenpost Overmere,Bedieningspunt,Baron Tibbautstraat,2,9290
Berlare,2013,Hoofdbibliotheek BERLARE,Hoofdbibliotheek,Dorp,101,9290
Berlare,2013,Uitleenpost Overmere,Bedieningspunt,Baron Tibbautstraat,2,9290
Berlare,2012,Hoofdbibliotheek BERLARE,Hoofdbibliotheek,Dorp,101,9290
Berlare,2012,Uitleenpost Overmere,Bedieningspunt,Baron Tibbautstraat,2,9290
Berlare,2011,Hoofdbibliotheek BERLARE,Hoofdbibliotheek,Dorp,101,9290
Berlare,2011,Uitleenpost Overmere,Bedieningspunt,Baron Tibbautstraat,2,9290
Berlare,2010,Hoofdbibliotheek BERLARE,Hoofdbibliotheek,Dorp,101,9290
Berlare,2010,Uitleenpost Overmere,Bedieningspunt,Baron Tibbautstraat,2,9290
Berlare,2009,Hoofdbibliotheek BERLARE,Hoofdbibliotheek,Dorp,101,9290
Berlare,2009,Uitleenpost Overmere,Bedieningspunt,Baron Tibbautstraat,2,9290
Berlare,2008,Hoofdbibliotheek BERLARE,Hoofdbibliotheek,Dorp,101,9290
Berlare,2008,Uitleenpost Overmere,Bedieningspunt,Baron Tibbautstraat,2,9290
Berlare,2007,Hoofdbibliotheek BERLARE,Hoofdbibliotheek,Dorp,101,9290
Berlare,2007,Uitleenpost Overmere,Bedieningspunt,Baron Tibbautstraat,2,9290
Berlare,2006,Hoofdbibliotheek BERLARE,Hoofdbibliotheek,Dorp,101,9290
Berlare,2006,Uitleenpost Overmere,Bedieningspunt,Baron Tibbautstraat,2,9290
Bertem,2017,Bibliotheek Leefdaal,Bedieningspunt,Vlieguit,6,3061
Bertem,2017,Hoofdbibliotheek BERTEM,Hoofdbibliotheek,Bosstraat,1,3060
Bertem,2016,Bibliotheek Leefdaal,Bedieningspunt,Vlieguit,6,3061
Bertem,2016,Hoofdbibliotheek BERTEM,Hoofdbibliotheek,Bosstraat,1,3060
Bertem,2015,Bibliotheek Leefdaal,Bedieningspunt,Vlieguit,6,3061
Bertem,2015,Hoofdbibliotheek BERTEM,Hoofdbibliotheek,Bosstraat,1,3060
Bertem,2014,Bibliotheek Leefdaal,Bedieningspunt,Vlieguit,6,3061
Bertem,2014,Hoofdbibliotheek BERTEM,Hoofdbibliotheek,Bosstraat,1,3060
Bertem,2013,Bibliotheek Leefdaal,Bedieningspunt,Vlieguit,6,3061
Bertem,2013,Hoofdbibliotheek BERTEM,Hoofdbibliotheek,Bosstraat,1,3060
Bertem,2012,Hoofdbibliotheek BERTEM,Hoofdbibliotheek,Bosstraat,1,3060
Bertem,2012,Openbare Bibliotheek - Leefdaal,Bedieningspunt,Vlieguit,6,3061
Bertem,2011,Hoofdbibliotheek BERTEM,Hoofdbibliotheek,Bosstraat,1,3060
Bertem,2011,Openbare Bibliotheek - Leefdaal,Bedieningspunt,Vlieguit,6,3061
Bertem,2010,Hoofdbibliotheek BERTEM,Hoofdbibliotheek,Bosstraat,1,3060
Bertem,2010,Openbare Bibliotheek - Leefdaal,Bedieningspunt,Vlieguit,6,3061
Bertem,2009,Hoofdbibliotheek BERTEM,Hoofdbibliotheek,Bosstraat,1,3060
Bertem,2009,Openbare Bibliotheek - Leefdaal,Bedieningspunt,Vlieguit,6,3061
Bertem,2008,Hoofdbibliotheek BERTEM,Hoofdbibliotheek,Bosstraat,1,3060
Bertem,2008,Openbare Bibliotheek - Leefdaal,Bedieningspunt,Vlieguit,6,3061
Bertem,2007,Hoofdbibliotheek BERTEM,Hoofdbibliotheek,Bosstraat,1,3060
Bertem,2007,Openbare Bibliotheek - Leefdaal,Bedieningspunt,Vlieguit,6,3061
Bertem,2006,Hoofdbibliotheek BERTEM,Hoofdbibliotheek,Bosstraat,1,3060
Bertem,2006,Korbeek-Dijle,Bedieningspunt,Nijvelsebaan,154,3060
Bertem,2006,Openbare Bibliotheek - Leefdaal,Bedieningspunt,Vlieguit,6,3061
Beveren,2018,Bib Beveren Nieuwe Parochie,Bedieningspunt,Pastoor Steenssensstraat,39,9120
Beveren,2018,Bib Haasdonk,Bedieningspunt,Pastoor Verwilghenplein,5,9120
Beveren,2018,Bib Kallo,Bedieningspunt,Gemeenteplein,1,9120
Beveren,2018,Bib Kieldrecht,Bedieningspunt,Molenstraat,30,9130
Beveren,2018,Bib Melsele,Bedieningspunt,Sint-Elisabethstraat,31 A,9120
Beveren,2018,Bib Verrebroek,Bedieningspunt,Pater Vergauwenstraat,6 B,9130
Beveren,2018,Bib Vrasene,Bedieningspunt,Kerkstraat,3,9120
Beveren,2018,Hoofdbibliotheek BEVEREN,Hoofdbibliotheek,Gravenplein,3,9120
Beveren,2017,Bib Beveren Nieuwe Parochie,Bedieningspunt,Pastoor Steenssensstraat,39,9120
Beveren,2017,Bib Haasdonk,Bedieningspunt,Pastoor Verwilghenplein,5,9120
Beveren,2017,Bib Kallo,Bedieningspunt,Gemeenteplein,1,9120
Beveren,2017,Bib Kieldrecht,Bedieningspunt,Molenstraat,30,9130
Beveren,2017,Bib Melsele,Bedieningspunt,Sint-Elisabethstraat,31 A,9120
Beveren,2017,Bib Verrebroek,Bedieningspunt,Pater Vergauwenstraat,6 B,9130
Beveren,2017,Bib Vrasene,Bedieningspunt,Kerkstraat,3,9120
Beveren,2017,Hoofdbibliotheek BEVEREN,Hoofdbibliotheek,Gravenplein,3,9120
Beveren,2016,Bib Beveren Nieuwe Parochie,Bedieningspunt,Pastoor Steenssensstraat,39,9120
Beveren,2016,Bib Haasdonk,Bedieningspunt,Pastoor Verwilghenplein,5,9120
Beveren,2016,Bib Kallo,Bedieningspunt,Gemeenteplein,1,9120
Beveren,2016,Bib Kieldrecht,Bedieningspunt,Molenstraat,30,9130
Beveren,2016,Bib Melsele,Bedieningspunt,Sint-Elisabethstraat,31 A,9120
Beveren,2016,Bib Verrebroek,Bedieningspunt,Pater Vergauwenstraat,6 B,9130
Beveren,2016,Bib Vrasene,Bedieningspunt,Kerkstraat,3,9120
Beveren,2016,Hoofdbibliotheek BEVEREN,Hoofdbibliotheek,Gravenplein,3,9120
Beveren,2015,Bib Beveren Nieuwe Parochie,Bedieningspunt,Pastoor Steenssensstraat,39,9120
Beveren,2015,Bib Haasdonk,Bedieningspunt,Pastoor Verwilghenplein,5,9120
Beveren,2015,Bib Heemkundige Kring Land van Beveren,Servicepunt,Anna Piersdreef,2,9120
Beveren,2015,Bib Kallo,Bedieningspunt,Gemeenteplein,1,9120
Beveren,2015,Bib Kieldrecht,Bedieningspunt,Molenstraat,30,9130
Beveren,2015,Bib Melsele,Bedieningspunt,Sint-Elisabethstraat,31 A,9120
Beveren,2015,Bib Verrebroek,Bedieningspunt,Pater Vergauwenstraat,6 B,9130
Beveren,2015,Bib Vrasene,Bedieningspunt,Kerkstraat,3,9120
Beveren,2015,Hoofdbibliotheek BEVEREN,Hoofdbibliotheek,Gravenplein,3,9120
Beveren,2014,Bib Beveren Nieuwe Parochie,Bedieningspunt,Pastoor Steenssensstraat,39,9120
Beveren,2014,Bib Haasdonk,Bedieningspunt,Pastoor Verwilghenplein,5,9120
Beveren,2014,Bib Heemkundige Kring Land van Beveren,Servicepunt,Anna Piersdreef,2,9120
Beveren,2014,Bib Kallo,Bedieningspunt,Gemeenteplein,1,9120
Beveren,2014,Bib Kieldrecht,Bedieningspunt,Molenstraat,30,9130
Beveren,2014,Bib Melsele,Bedieningspunt,Sint-Elisabethstraat,31 A,9120
Beveren,2014,Bib Verrebroek,Bedieningspunt,Pater Vergauwenstraat,6 B,9130
Beveren,2014,Bib Vrasene,Bedieningspunt,Kerkstraat,3,9120
Beveren,2014,Hoofdbibliotheek BEVEREN,Hoofdbibliotheek,Gravenplein,3,9120
Beveren,2013,Bib Beveren Nieuwe Parochie,Bedieningspunt,Pastoor Steenssensstraat,39,9120
Beveren,2013,Bib Haasdonk,Bedieningspunt,Pastoor Verwilghenplein,5,9120
Beveren,2013,Bib Heemkundige Kring Land van Beveren,Servicepunt,Anna Piersdreef,2,9120
Beveren,2013,Bib Kallo,Bedieningspunt,Gemeenteplein,1,9120
Beveren,2013,Bib Kieldrecht,Bedieningspunt,Molenstraat,30,9130
Beveren,2013,Bib Melsele,Bedieningspunt,Sint-Elisabethstraat,31 A,9120
Beveren,2013,Bib Verrebroek,Bedieningspunt,Pater Vergauwenstraat,6 B,9130
Beveren,2013,Bib Vrasene,Bedieningspunt,Kerkstraat,3,9120
Beveren,2013,Hoofdbibliotheek BEVEREN,Hoofdbibliotheek,Gravenplein,3,9120
Beveren,2012,Academie,Bedieningspunt,Lijsterbessenlaan,24,9120
Beveren,2012,Beveren Nieuwe Parochie,Bedieningspunt,Pastoor Steenssensstraat,39,9120
Beveren,2012,Haasdonk,Bedieningspunt,Pastoor Verwilghenplein,5,9120
Beveren,2012,Heemkundige Kring Land van Beveren,Bedieningspunt,Stationsstraat,6,9120
Beveren,2012,Hoofdbibliotheek BEVEREN,Hoofdbibliotheek,Gravenplein,3,9120
Beveren,2012,Kallo,Bedieningspunt,Gemeenteplein,1,9120
Beveren,2012,Kieldrecht,Bedieningspunt,Molenstraat,30,9130
Beveren,2012,Melsele,Bedieningspunt,Hazaarddam,14,9120
Beveren,2012,Verrebroek,Bedieningspunt,Pater Vergauwenstraat,6 B,9130
Beveren,2012,Vrasene,Bedieningspunt,Kerkstraat,1,9120
Beveren,2011,Beveren Nieuwe Parochie,Bedieningspunt,Pastoor Steenssensstraat,39,9120
Beveren,2011,Haasdonk,Bedieningspunt,Pastoor Verwilghenplein,5,9120
Beveren,2011,Heemkundige Kring Land van Beveren,Bedieningspunt,Stationsstraat,6,9120
Beveren,2011,Hoofdbibliotheek BEVEREN,Hoofdbibliotheek,Gravenplein,3,9120
Beveren,2011,Kallo,Bedieningspunt,Gemeenteplein,1,9120
Beveren,2011,Kieldrecht,Bedieningspunt,Molenstraat,30,9130
Beveren,2011,Melsele,Bedieningspunt,Hazaarddam,14,9120
Beveren,2011,Verrebroek,Bedieningspunt,Pater Vergauwenstraat,6 B,9130
Beveren,2011,Vrasene,Bedieningspunt,Kerkstraat,1,9120
Beveren,2010,Beveren Nieuwe Parochie,Bedieningspunt,Pastoor Steenssensstraat,39,9120
Beveren,2010,Haasdonk,Bedieningspunt,Pastoor Verwilghenplein,5,9120
Beveren,2010,Heemkundige Kring Land van Beveren,Bedieningspunt,Stationsstraat,6,9120
Beveren,2010,Hoofdbibliotheek BEVEREN,Hoofdbibliotheek,Gravenplein,3,9120
Beveren,2010,Kallo,Bedieningspunt,Gemeenteplein,1,9120
Beveren,2010,Kieldrecht,Bedieningspunt,Molenstraat,30,9130
Beveren,2010,Melsele,Bedieningspunt,Hazaarddam,14,9120
Beveren,2010,Verrebroek,Bedieningspunt,Pater Vergauwenstraat,6 B,9130
Beveren,2010,Vrasene,Bedieningspunt,Kerkstraat,1,9120
Beveren,2009,Beveren Nieuwe Parochie,Bedieningspunt,Pastoor Steenssensstraat,39,9120
Beveren,2009,Haasdonk,Bedieningspunt,Pastoor Verwilghenplein,5,9120
Beveren,2009,Hoofdbibliotheek BEVEREN,Hoofdbibliotheek,Gravenplein,3,9120
Beveren,2009,Kallo,Bedieningspunt,Gemeenteplein,1,9120
Beveren,2009,Kieldrecht,Bedieningspunt,Molenstraat,30,9130
Beveren,2009,Melsele,Bedieningspunt,Hazaarddam,14,9120
Beveren,2009,Verrebroek,Bedieningspunt,Pater Vergauwenstraat,6 B,9130
Beveren,2009,Vrasene,Bedieningspunt,Kerkstraat,1,9120
Beveren,2008,Beveren Nieuwe Parochie,Bedieningspunt,Pastoor Steenssensstraat,39,9120
Beveren,2008,Haasdonk,Bedieningspunt,Pastoor Verwilghenplein,5,9120
Beveren,2008,Hoofdbibliotheek BEVEREN,Hoofdbibliotheek,Gravenplein,3,9120
Beveren,2008,Kallo,Bedieningspunt,Gemeenteplein,1,9120
Beveren,2008,Kieldrecht,Bedieningspunt,Molenstraat,30,9130
Beveren,2008,Melsele,Bedieningspunt,Hazaarddam,14,9120
Beveren,2008,Verrebroek,Bedieningspunt,Pater Vergauwenstraat,6 B,9130
Beveren,2008,Vrasene,Bedieningspunt,Kerkstraat,1,9120
Beveren,2007,Beveren Nieuwe Parochie,Bedieningspunt,Pastoor Steenssensstraat,39,9120
Beveren,2007,Doel,Bedieningspunt,Hooghuisstraat,4,9130
Beveren,2007,Haasdonk,Bedieningspunt,Pastoor Verwilghenplein,5,9120
Beveren,2007,Hoofdbibliotheek BEVEREN,Hoofdbibliotheek,Gravenplein,3,9120
Beveren,2007,Kallo,Bedieningspunt,Gemeenteplein,1,9120
Beveren,2007,Kieldrecht,Bedieningspunt,Molenstraat,30,9130
Beveren,2007,Melsele,Bedieningspunt,Hazaarddam,14,9120
Beveren,2007,Verrebroek,Bedieningspunt,Pater Vergauwenstraat,6 B,9130
Beveren,2007,Vrasene,Bedieningspunt,Kerkstraat,1,9120
Beveren,2006,Beveren Nieuwe Parochie,Bedieningspunt,Pastoor Steenssensstraat,39,9120
Beveren,2006,Doel,Bedieningspunt,Hooghuisstraat,4,9130
Beveren,2006,Haasdonk,Bedieningspunt,Pastoor Verwilghenplein,5,9120
Beveren,2006,Hoofdbibliotheek BEVEREN,Hoofdbibliotheek,Gravenplein,3,9120
Beveren,2006,Kallo,Bedieningspunt,Gemeenteplein,1,9120
Beveren,2006,Kieldrecht,Bedieningspunt,Molenstraat,30,9130
Beveren,2006,Melsele,Bedieningspunt,Hazaarddam,14,9120
Beveren,2006,Verrebroek,Bedieningspunt,Pater Vergauwenstraat,6 B,9130
Beveren,2006,Vrasene,Bedieningspunt,Kerkstraat,1,9120
Bierbeek,2018,Bibliotheek de borre,Hoofdbibliotheek,Speelpleinstraat,10,3360
Bierbeek,2018,Bibliotheek Korbeek-Lo,Bedieningspunt,Pastoriestraat,3,3360
Bierbeek,2017,Bibliotheek de borre,Hoofdbibliotheek,Speelpleinstraat,10,3360
Bierbeek,2017,Bibliotheek Korbeek-Lo,Bedieningspunt,Pastoriestraat,3,3360
Bierbeek,2016,Bibliotheek de borre,Hoofdbibliotheek,Speelpleinstraat,10,3360
Bierbeek,2016,Bibliotheek Korbeek-Lo,Bedieningspunt,Pastoriestraat,3,3360
Bierbeek,2015,Bibliotheek de borre,Hoofdbibliotheek,Speelpleinstraat,10,3360
Bierbeek,2015,Bibliotheek Korbeek-Lo,Bedieningspunt,Pastoriestraat,3,3360
Bierbeek,2014,Bibliotheek de borre,Hoofdbibliotheek,Speelpleinstraat,10,3360
Bierbeek,2014,Bibliotheek Korbeek-Lo,Bedieningspunt,Pastoriestraat,3,3360
Bierbeek,2013,Bibliotheek de borre,Hoofdbibliotheek,Speelpleinstraat,10,3360
Bierbeek,2013,Bibliotheek Korbeek-Lo,Bedieningspunt,Pastoriestraat,3,3360
Bierbeek,2012,Bibliotheek de borre,Hoofdbibliotheek,Speelpleinstraat,10,3360
Bierbeek,2012,Bibliotheek Korbeek-Lo,Bedieningspunt,Pastoriestraat,3,3360
Bierbeek,2011,Bibliotheek de borre,Hoofdbibliotheek,Speelpleinstraat,10,3360
Bierbeek,2011,Bibliotheek Korbeek-Lo,Bedieningspunt,Pastoriestraat,3,3360
Bierbeek,2010,Bibliotheek de borre,Hoofdbibliotheek,Speelpleinstraat,10,3360
Bierbeek,2010,Bibliotheek Korbeek-Lo,Bedieningspunt,Pastoriestraat,3,3360
Bierbeek,2009,Bibliotheek de borre,Hoofdbibliotheek,Speelpleinstraat,10,3360
Bierbeek,2009,Uitleenpost Korbeek-Lo,Bedieningspunt,Pastoriestraat,3,3360
Bierbeek,2008,Bibliotheek de borre,Hoofdbibliotheek,Speelpleinstraat,10,3360
Bierbeek,2008,Uitleenpost Korbeek-Lo,Bedieningspunt,Pastoriestraat,3,3360
Bierbeek,2007,Bibliotheek de borre,Hoofdbibliotheek,Speelpleinstraat,10,3360
Bierbeek,2007,Uitleenpost Korbeek-Lo,Bedieningspunt,Pastoriestraat,3,3360
Bierbeek,2006,Bibliotheek de borre,Hoofdbibliotheek,Speelpleinstraat,10,3360
Bierbeek,2006,Uitleenpost Lovenjoel,Bedieningspunt,Kerkstraat,2A,3360
Bilzen,2019,Bibliotheek BILZEN,Hoofdbibliotheek,Eikenlaan,23,3740
Bilzen,2018,Bibliotheek BILZEN,Hoofdbibliotheek,Eikenlaan,23,3740
Bilzen,2017,Bibliotheek BILZEN,Hoofdbibliotheek,Eikenlaan,23,3740
Bilzen,2015,Bibliotheek BILZEN,Hoofdbibliotheek,Eikenlaan,23,3740
Bilzen,2014,Bibliotheek BILZEN,Hoofdbibliotheek,Eikenlaan,23,3740
Bilzen,2013,Bibliotheek BILZEN,Hoofdbibliotheek,Eikenlaan,23,3740
Bilzen,2012,Bibliotheek BILZEN,Hoofdbibliotheek,Eikenlaan,23,3740
Bilzen,2011,Bibliotheek BILZEN,Hoofdbibliotheek,Eikenlaan,23,3740
Bilzen,2010,Bibliotheek BILZEN,Hoofdbibliotheek,Eikenlaan,23,3740
Bilzen,2010,uitleenpost Beverst,Bedieningspunt,St Gertrudisplein,1,3740
Bilzen,2009,Bibliotheek BILZEN,Hoofdbibliotheek,Eikenlaan,23,3740
Bilzen,2009,uitleenpost Beverst,Bedieningspunt,St Gertrudisplein,1,3740
Bilzen,2009,uitleenpost Rosmeer,Bedieningspunt,Groenstraat,12,3740
Bilzen,2008,Bibliotheek BILZEN,Hoofdbibliotheek,Eikenlaan,23,3740
Bilzen,2008,uitleenpost Beverst,Bedieningspunt,St Gertrudisplein,1,3740
Bilzen,2008,uitleenpost Rosmeer,Bedieningspunt,Groenstraat,12,3740
Bilzen,2007,Bibliotheek BILZEN,Hoofdbibliotheek,Eikenlaan,23,3740
Bilzen,2007,uitleenpost Beverst,Bedieningspunt,St Gertrudisplein,1,3740
Bilzen,2007,uitleenpost Rosmeer,Bedieningspunt,Groenstraat,12,3740
Bilzen,2006,Bibliotheek BILZEN,Hoofdbibliotheek,Eikenlaan,23,3740
Bilzen,2006,uitleenpost Beverst,Bedieningspunt,St Gertrudisplein,1,3740
Bilzen,2006,uitleenpost Munsterbilzen,Bedieningspunt,Leroyplein,1,3740
Bilzen,2006,uitleenpost Rosmeer,Bedieningspunt,Groenstraat,12,3740
Blankenberge,2019,De Boekennok,Bedieningspunt,Nieuwe Steenweg,37,8377
Blankenberge,2019,Hoofdbibliotheek BLANKENBERGE,Hoofdbibliotheek,Onderwijsstraat,17,8370
Blankenberge,2018,De Boekennok,Bedieningspunt,Nieuwe Steenweg,37,8377
Blankenberge,2018,Hoofdbibliotheek BLANKENBERGE,Hoofdbibliotheek,Onderwijsstraat,17,8370
Blankenberge,2017,De Boekennok,Bedieningspunt,Nieuwe Steenweg,37,8377
Blankenberge,2017,Hoofdbibliotheek BLANKENBERGE,Hoofdbibliotheek,Onderwijsstraat,17,8370
Blankenberge,2016,De Boekennok,Bedieningspunt,Nieuwe Steenweg,37,8377
Blankenberge,2016,Hoofdbibliotheek BLANKENBERGE,Hoofdbibliotheek,Onderwijsstraat,17,8370
Blankenberge,2015,De Boekennok,Bedieningspunt,Nieuwe Steenweg,37,8377
Blankenberge,2015,Hoofdbibliotheek BLANKENBERGE,Hoofdbibliotheek,Onderwijsstraat,17,8370
Blankenberge,2014,De Boekennok,Bedieningspunt,Nieuwe Steenweg,37,8377
Blankenberge,2014,Hoofdbibliotheek BLANKENBERGE,Hoofdbibliotheek,Onderwijsstraat,17,8370
Blankenberge,2013,De Boekennok,Bedieningspunt,Nieuwe Steenweg,37,8377
Blankenberge,2013,Hoofdbibliotheek BLANKENBERGE,Hoofdbibliotheek,Onderwijsstraat,17,8370
Blankenberge,2012,De Boekennok,Bedieningspunt,Nieuwe Steenweg,37,8377
Blankenberge,2012,Hoofdbibliotheek BLANKENBERGE,Hoofdbibliotheek,Onderwijsstraat,17,8370
Blankenberge,2011,De Boekennok,Bedieningspunt,Nieuwe Steenweg,37,8377
Blankenberge,2011,Hoofdbibliotheek BLANKENBERGE,Hoofdbibliotheek,Onderwijsstraat,17,8370
Blankenberge,2010,De Boekennok,Bedieningspunt,Nieuwe Steenweg,37,8377
Blankenberge,2010,Hoofdbibliotheek BLANKENBERGE,Hoofdbibliotheek,Onderwijsstraat,17,8370
Blankenberge,2009,De Boekennok,Bedieningspunt,Nieuwe Steenweg,37,8377
Blankenberge,2009,Hoofdbibliotheek BLANKENBERGE,Hoofdbibliotheek,Onderwijsstraat,17,8370
Blankenberge,2008,De Boekennok,Bedieningspunt,Nieuwe Steenweg,37,8377
Blankenberge,2008,Hoofdbibliotheek BLANKENBERGE,Hoofdbibliotheek,Onderwijsstraat,17,8370
Blankenberge,2007,De Boekennok,Bedieningspunt,Nieuwe Steenweg,37,8377
Blankenberge,2007,Hoofdbibliotheek BLANKENBERGE,Hoofdbibliotheek,Onderwijsstraat,17,8370
Blankenberge,2006,De Boekennok,Bedieningspunt,Nieuwe Steenweg,37,8377
Blankenberge,2006,Hoofdbibliotheek BLANKENBERGE,Hoofdbibliotheek,Onderwijsstraat,17,8370
Bocholt,2018,Bibliotheek De Priool,Hoofdbibliotheek,Dorpsstraat,2,3950
Bocholt,2018,Bibliotheek Kaulille,Bedieningspunt,Kaulillerdorp,z.n. (in de kerk),3950
Bocholt,2017,Bibliotheek De Priool,Hoofdbibliotheek,Dorpsstraat,2,3950
Bocholt,2017,Bibliotheek Kaulille,Bedieningspunt,Kaulillerdorp,z.n. (in de kerk),3950
Bocholt,2016,Bibliotheek De Priool,Hoofdbibliotheek,Dorpsstraat,2,3950
Bocholt,2016,Bibliotheek Kaulille,Bedieningspunt,Kaulillerdorp,z.n. (in de kerk),3950
Bocholt,2015,Bibliotheek De Priool,Hoofdbibliotheek,Dorpsstraat,2,3950
Bocholt,2015,Bibliotheek Kaulille,Bedieningspunt,Kaulillerdorp,z.n. (in de kerk),3950
Bocholt,2014,Bibliotheek De Priool,Hoofdbibliotheek,Dorpsstraat,2,3950
Bocholt,2014,Bibliotheek Kaulille,Bedieningspunt,Kaulillerdorp,z.n. (in de kerk),3950
Bocholt,2013,Bibliotheek De Priool,Hoofdbibliotheek,Dorpsstraat,2,3950
Bocholt,2013,Bibliotheek Kaulille,Bedieningspunt,Kaulillerdorp,z.n. (in de kerk),3950
Bocholt,2012,Bibliotheek De Priool,Hoofdbibliotheek,Dorpsstraat,2,3950
Bocholt,2012,Bibliotheek Kaulille,Bedieningspunt,Kaulillerdorp,z.n. (in de kerk),3950
Bocholt,2011,Bibliotheek De Priool,Hoofdbibliotheek,Dorpsstraat,2,3950
Bocholt,2011,Bibliotheek Kaulille,Bedieningspunt,Kaulillerdorp,z.n. (in de kerk),3950
Bocholt,2010,Bibliotheek De Priool,Hoofdbibliotheek,Dorpsstraat,2,3950
Bocholt,2010,Bibliotheek Kaulille,Bedieningspunt,Kaulillerdorp,z.n. (in de kerk),3950
Bocholt,2009,Bibliotheek De Priool,Hoofdbibliotheek,Dorpsstraat,2,3950
Bocholt,2009,Bibliotheek Kaulille,Bedieningspunt,Kaulillerdorp,z.n. (in de kerk),3950
Bocholt,2008,Bibliotheek De Priool,Hoofdbibliotheek,Dorpsstraat,2,3950
Bocholt,2008,Bibliotheek Kaulille,Bedieningspunt,Kaulillerdorp,z.n. (in de kerk),3950
Bocholt,2007,Bibliotheek De Priool,Hoofdbibliotheek,Dorpsstraat,2,3950
Bocholt,2007,Bibliotheek Kaulille,Bedieningspunt,Kaulillerdorp,z.n. (in de kerk),3950
Bocholt,2006,Bibliotheek De Priool,Hoofdbibliotheek,Dorpsstraat,2,3950
Bocholt,2006,Uitleenpost Kaulille,Bedieningspunt,Nevenplein,1,3950
Bocholt,2006,Uitleenpost Lozen,Bedieningspunt,Hamonterweg,136,3950
Boechout,2017,Hoofdbibliotheek BOECHOUT,Hoofdbibliotheek,Jef Van Hoofplein,20,2530
Boechout,2017,Uitleenpost Vremde,Bedieningspunt,Dorpsplaats,16,2531
Boechout,2016,Hoofdbibliotheek BOECHOUT,Hoofdbibliotheek,Jef Van Hoofplein,20,2530
Boechout,2016,Uitleenpost Vremde,Bedieningspunt,Dorpsplaats,16,2531
Boechout,2015,Hoofdbibliotheek BOECHOUT,Hoofdbibliotheek,Jef Van Hoofplein,20,2530
Boechout,2015,Uitleenpost Vremde,Bedieningspunt,Dorpsplaats,16,2531
Boechout,2014,Hoofdbibliotheek BOECHOUT,Hoofdbibliotheek,Jef Van Hoofplein,20,2530
Boechout,2014,Uitleenpost Vremde,Bedieningspunt,Dorpsplaats,16,2531
Boechout,2013,Hoofdbibliotheek BOECHOUT,Hoofdbibliotheek,Jef Van Hoofplein,20,2530
Boechout,2013,Uitleenpost Vremde,Bedieningspunt,Dorpsplaats,16,2531
Boechout,2012,Hoofdbibliotheek BOECHOUT,Hoofdbibliotheek,Jef Van Hoofplein,20,2530
Boechout,2012,Uitleenpost Vremde,Bedieningspunt,Dorpsplaats,16,2531
Boechout,2011,Hoofdbibliotheek BOECHOUT,Hoofdbibliotheek,Jef Van Hoofplein,20,2530
Boechout,2011,Uitleenpost Vremde,Bedieningspunt,Dorpsplaats,16,2531
Boechout,2010,Hoofdbibliotheek BOECHOUT,Hoofdbibliotheek,Jef Van Hoofplein,20,2530
Boechout,2010,Uitleenpost Vremde,Bedieningspunt,Dorpsplaats,16,2531
Boechout,2009,Hoofdbibliotheek BOECHOUT,Hoofdbibliotheek,Jef Van Hoofplein,20,2530
Boechout,2009,Uitleenpost Vremde,Bedieningspunt,Dorpsplaats,16,2531
Boechout,2008,Hoofdbibliotheek BOECHOUT,Hoofdbibliotheek,Jef Van Hoofplein,20,2530
Boechout,2008,Uitleenpost Vremde,Bedieningspunt,Dorpsplaats,16,2531
Boechout,2007,Hoofdbibliotheek BOECHOUT,Hoofdbibliotheek,Jef Van Hoofplein,20,2530
Boechout,2007,Uitleenpost Vremde,Bedieningspunt,Dorpsplaats,16,2531
Boechout,2006,Hoofdbibliotheek BOECHOUT,Hoofdbibliotheek,Jef Van Hoofplein,20,2530
Boechout,2006,Uitleenpost Vremde,Bedieningspunt,Dorpsplaats,16,2531
Bonheiden,2019,Feniksuitleenpunt Rijmenam,Bedieningspunt,Sint-Maartensberg,2,2820
Bonheiden,2019,Hoofdbibliotheek BONHEIDEN,Hoofdbibliotheek,Jacques Morrensplein,1,2820
Bonheiden,2018,Feniksuitleenpunt Rijmenam,Bedieningspunt,Sint-Maartensberg,2,2820
Bonheiden,2018,Hoofdbibliotheek BONHEIDEN,Hoofdbibliotheek,Jacques Morrensplein,1,2820
Bonheiden,2017,Feniksuitleenpunt Rijmenam,Bedieningspunt,Sint-Maartensberg,2,2820
Bonheiden,2017,Hoofdbibliotheek BONHEIDEN,Hoofdbibliotheek,Jacques Morrensplein,1,2820
Bonheiden,2016,Feniksuitleenpunt Rijmenam,Bedieningspunt,Sint-Maartensberg,2,2820
Bonheiden,2016,Hoofdbibliotheek BONHEIDEN,Hoofdbibliotheek,Jacques Morrensplein,1,2820
Bonheiden,2015,Feniksuitleenpunt Rijmenam,Bedieningspunt,Sint-Maartensberg,2,2820
Bonheiden,2015,Hoofdbibliotheek BONHEIDEN,Hoofdbibliotheek,Jacques Morrensplein,1,2820
Bonheiden,2014,Feniksuitleenpunt Rijmenam,Bedieningspunt,Sint-Maartensberg,2,2820
Bonheiden,2014,Hoofdbibliotheek BONHEIDEN,Hoofdbibliotheek,Jacques Morrensplein,1,2820